experimento,seed,step,servico,active_vehicles,positive_utility,sufficient_energy,eligible,rejected_utility,rejected_energy,rejected_utility_only,rejected_energy_only,rejected_both,eligibility_rate,avg_utility,min_utility,max_utility
lambda_equal_seed_06,6,20,Atualização de Modelos Locais (ML),17,17,17,17,0,0,0,0,0,1.0,0.322038,0.159871,0.51192
lambda_equal_seed_06,6,40,Diagnóstico Veicular,34,7,34,7,27,0,27,0,0,0.205882,-0.079801,-0.264996,0.131205
lambda_equal_seed_06,6,60,Reencaminhamento de Dados (Edge Relay),51,0,51,0,51,0,51,0,0,0.0,-0.231851,-0.38939,-0.052778
lambda_equal_seed_06,6,80,Reencaminhamento de Dados (Edge Relay),66,0,66,0,66,0,66,0,0,0.0,-0.238567,-0.384731,-0.043878
lambda_equal_seed_06,6,100,Reencaminhamento de Dados (Edge Relay),82,0,82,0,82,0,82,0,0,0.0,-0.249579,-0.433125,-0.042892
lambda_equal_seed_06,6,120,Atualização de Modelos Locais (ML),98,98,98,98,0,0,0,0,0,1.0,0.308422,0.121554,0.495362
lambda_equal_seed_06,6,140,Diagnóstico Veicular,111,26,111,26,85,0,85,0,0,0.234234,-0.084462,-0.297962,0.115327
lambda_equal_seed_06,6,160,Diagnóstico Veicular,118,30,118,30,88,0,88,0,0,0.254237,-0.080677,-0.29204,0.105439
lambda_equal_seed_06,6,180,Processamento de Imagem Urbana,127,103,127,103,24,0,24,0,0,0.811024,0.113845,-0.113721,0.316756
lambda_equal_seed_06,6,200,Reencaminhamento de Dados (Edge Relay),121,0,121,0,121,0,121,0,0,0.0,-0.241246,-0.436233,-0.032599
lambda_equal_seed_06,6,220,Diagnóstico Veicular,130,29,130,29,101,0,101,0,0,0.223077,-0.093996,-0.323218,0.139782
lambda_equal_seed_06,6,240,Processamento de Imagem Urbana,141,122,141,122,19,0,19,0,0,0.865248,0.127224,-0.097858,0.339487
lambda_equal_seed_06,6,260,Diagnóstico Veicular,138,42,138,42,96,0,96,0,0,0.304348,-0.061744,-0.276828,0.144473
lambda_equal_seed_06,6,280,Reencaminhamento de Dados (Edge Relay),146,0,146,0,146,0,146,0,0,0.0,-0.283991,-0.487285,-0.048649
lambda_equal_seed_06,6,300,Reencaminhamento de Dados (Edge Relay),147,0,147,0,147,0,147,0,0,0.0,-0.21757,-0.436853,-0.014937
lambda_equal_seed_06,6,320,Agregação de Dados de Sensores,148,19,148,19,129,0,129,0,0,0.128378,-0.121942,-0.365869,0.070138
lambda_equal_seed_06,6,340,Processamento de Imagem Urbana,147,131,147,131,16,0,16,0,0,0.891156,0.132906,-0.080343,0.310563
lambda_equal_seed_06,6,360,Atualização de Modelos Locais (ML),156,156,156,156,0,0,0,0,0,1.0,0.286951,0.06163,0.526381
lambda_equal_seed_06,6,380,Agregação de Dados de Sensores,148,16,148,16,132,0,132,0,0,0.108108,-0.141879,-0.359998,0.051273
lambda_equal_seed_06,6,400,Reencaminhamento de Dados (Edge Relay),149,0,149,0,149,0,149,0,0,0.0,-0.240346,-0.455607,-0.031699
lambda_equal_seed_06,6,420,Diagnóstico Veicular,158,46,158,46,112,0,112,0,0,0.291139,-0.072522,-0.286578,0.142084
lambda_equal_seed_06,6,440,Diagnóstico Veicular,152,38,152,38,114,0,114,0,0,0.25,-0.07116,-0.229702,0.135061
lambda_equal_seed_06,6,460,Processamento de Imagem Urbana,157,143,157,143,14,0,14,0,0,0.910828,0.117343,-0.086488,0.320878
lambda_equal_seed_06,6,480,Reencaminhamento de Dados (Edge Relay),154,0,154,0,154,0,154,0,0,0.0,-0.229766,-0.465667,-0.040505
lambda_equal_seed_06,6,500,Diagnóstico Veicular,149,24,149,24,125,0,125,0,0,0.161074,-0.119862,-0.320981,0.110632
lambda_equal_seed_06,6,520,Atualização de Modelos Locais (ML),149,149,149,149,0,0,0,0,0,1.0,0.282851,0.073037,0.513685
lambda_equal_seed_06,6,540,Diagnóstico Veicular,155,42,155,42,113,0,113,0,0,0.270968,-0.068907,-0.274148,0.138788
lambda_equal_seed_06,6,560,Atualização de Modelos Locais (ML),144,144,144,144,0,0,0,0,0,1.0,0.280594,0.073037,0.489704
lambda_equal_seed_06,6,580,Diagnóstico Veicular,146,26,146,26,120,0,120,0,0,0.178082,-0.093383,-0.295817,0.107649
lambda_equal_seed_06,6,600,Reencaminhamento de Dados (Edge Relay),151,0,151,0,151,0,151,0,0,0.0,-0.23779,-0.440843,-0.030776
lambda_equal_seed_06,6,620,Agregação de Dados de Sensores,141,8,141,8,133,0,133,0,0,0.056738,-0.154724,-0.366255,0.046976
lambda_equal_seed_06,6,640,Atualização de Modelos Locais (ML),148,148,148,148,0,0,0,0,0,1.0,0.313199,0.134449,0.499071
lambda_equal_seed_06,6,660,Processamento de Imagem Urbana,152,129,152,129,23,0,23,0,0,0.848684,0.104089,-0.129357,0.308013
lambda_equal_seed_06,6,680,Reencaminhamento de Dados (Edge Relay),150,0,150,0,150,0,150,0,0,0.0,-0.227433,-0.444665,-0.052189
lambda_equal_seed_06,6,700,Agregação de Dados de Sensores,153,8,153,8,145,0,145,0,0,0.052288,-0.170729,-0.401227,0.059936
lambda_equal_seed_06,6,720,Reencaminhamento de Dados (Edge Relay),161,0,161,0,161,0,161,0,0,0.0,-0.252574,-0.484354,-0.04031
lambda_equal_seed_06,6,740,Processamento de Imagem Urbana,162,146,162,146,16,0,16,0,0,0.901235,0.124631,-0.085692,0.302064
lambda_equal_seed_06,6,760,Processamento de Imagem Urbana,159,137,159,137,22,0,22,0,0,0.861635,0.125232,-0.092366,0.3262
lambda_equal_seed_06,6,780,Diagnóstico Veicular,157,27,157,27,130,0,130,0,0,0.171975,-0.09731,-0.318725,0.107054
lambda_equal_seed_06,6,800,Diagnóstico Veicular,147,22,147,22,125,0,125,0,0,0.14966,-0.103248,-0.321087,0.097178
lambda_equal_seed_06,6,820,Agregação de Dados de Sensores,153,10,153,10,143,0,143,0,0,0.065359,-0.138597,-0.334391,0.052639
lambda_equal_seed_06,6,840,Reencaminhamento de Dados (Edge Relay),151,0,151,0,151,0,151,0,0,0.0,-0.21662,-0.428582,-0.036266
lambda_equal_seed_06,6,860,Reencaminhamento de Dados (Edge Relay),151,0,151,0,151,0,151,0,0,0.0,-0.212505,-0.388157,-0.035247
lambda_equal_seed_06,6,880,Diagnóstico Veicular,151,51,151,51,100,0,100,0,0,0.337748,-0.051083,-0.256033,0.13662
lambda_equal_seed_06,6,900,Reencaminhamento de Dados (Edge Relay),160,0,160,0,160,0,160,0,0,0.0,-0.244671,-0.486647,-0.022073
lambda_equal_seed_06,6,920,Agregação de Dados de Sensores,154,13,154,13,141,0,141,0,0,0.084416,-0.142189,-0.370943,0.067193
lambda_equal_seed_06,6,940,Agregação de Dados de Sensores,148,13,148,13,135,0,135,0,0,0.087838,-0.137356,-0.336175,0.068849
lambda_equal_seed_06,6,960,Diagnóstico Veicular,152,39,152,39,113,0,113,0,0,0.256579,-0.075815,-0.303404,0.131341
lambda_equal_seed_06,6,980,Atualização de Modelos Locais (ML),143,143,143,143,0,0,0,0,0,1.0,0.283105,0.056379,0.52352
lambda_equal_seed_06,6,1000,Reencaminhamento de Dados (Edge Relay),149,0,149,0,149,0,149,0,0,0.0,-0.256175,-0.486647,-0.020788
lambda_equal_seed_06,6,1020,Agregação de Dados de Sensores,134,7,134,7,127,0,127,0,0,0.052239,-0.145025,-0.354081,0.065606
lambda_equal_seed_06,6,1040,Processamento de Imagem Urbana,121,105,121,105,16,0,16,0,0,0.867769,0.117609,-0.081127,0.324217
lambda_equal_seed_06,6,1060,Atualização de Modelos Locais (ML),99,99,99,99,0,0,0,0,0,1.0,0.30976,0.127592,0.519192
lambda_equal_seed_06,6,1080,Agregação de Dados de Sensores,93,4,93,4,89,0,89,0,0,0.043011,-0.190745,-0.397771,0.037484
lambda_equal_seed_06,6,1100,Processamento de Imagem Urbana,68,58,68,58,10,0,10,0,0,0.852941,0.112214,-0.080899,0.333674
lambda_equal_seed_06,6,1120,Agregação de Dados de Sensores,53,4,53,4,49,0,49,0,0,0.075472,-0.146944,-0.35832,0.046069
lambda_equal_seed_06,6,1140,Atualização de Modelos Locais (ML),47,47,47,47,0,0,0,0,0,1.0,0.307539,0.113377,0.509425
lambda_equal_seed_06,6,1160,Diagnóstico Veicular,28,7,28,7,21,0,21,0,0,0.25,-0.109243,-0.320415,0.1381
lambda_equal_seed_06,6,1180,Reencaminhamento de Dados (Edge Relay),20,0,20,0,20,0,20,0,0,0.0,-0.281515,-0.451621,-0.13308
lambda_equal_seed_06,6,1200,Atualização de Modelos Locais (ML),14,14,14,14,0,0,0,0,0,1.0,0.271631,0.136658,0.39251
lambda_equal_seed_06,6,1220,Reencaminhamento de Dados (Edge Relay),8,0,8,0,8,0,8,0,0,0.0,-0.251056,-0.3626,-0.144553
lambda_equal_seed_06,6,1240,Reencaminhamento de Dados (Edge Relay),4,0,4,0,4,0,4,0,0,0.0,-0.24259,-0.316562,-0.174239
lambda_equal_seed_06,6,1260,Processamento de Imagem Urbana,3,3,3,3,0,0,0,0,0,1.0,0.098343,0.029742,0.203986
lambda_equal_seed_06,6,1280,Processamento de Imagem Urbana,1,1,1,1,0,0,0,0,0,1.0,0.087963,0.087963,0.087963
lambda_equal_seed_06,6,1300,Reencaminhamento de Dados (Edge Relay),1,0,1,0,1,0,1,0,0,0.0,-0.238284,-0.238284,-0.238284
lambda_equal_seed_06,6,1320,Diagnóstico Veicular,1,0,1,0,1,0,1,0,0,0.0,-0.108702,-0.108702,-0.108702
