experimento,seed,lambda1,lambda2,lambda3,modo,step,veiculo,servico,score,utilidade,reputacao,energia
lambda_no_time_seed_01,1,0.625,0.375,0.0,shadai,20,16,Diagnóstico Veicular,0.868527,0.028681,8.892213,90.505589
lambda_no_time_seed_01,1,0.625,0.375,0.0,shadai,40,22,Processamento de Imagem Urbana,0.973318,0.212866,9.692296,117.278778
lambda_no_time_seed_01,1,0.625,0.375,0.0,shadai,60,28,Diagnóstico Veicular,0.859274,0.0704,9.25637,93.061748
lambda_no_time_seed_01,1,0.625,0.375,0.0,shadai,80,44,Processamento de Imagem Urbana,0.839665,0.0308,9.338905,70.291026
lambda_no_time_seed_01,1,0.625,0.375,0.0,shadai,100,17,Diagnóstico Veicular,0.888472,0.000169,8.074054,110.898094
lambda_no_time_seed_01,1,0.625,0.375,0.0,shadai,120,59,Diagnóstico Veicular,0.873824,0.114446,7.822234,113.446088
lambda_no_time_seed_01,1,0.625,0.375,0.0,shadai,140,112,Agregação de Dados de Sensores,0.827039,0.019591,8.787098,78.668139
lambda_no_time_seed_01,1,0.625,0.375,0.0,shadai,160,72,Atualização de Modelos Locais (ML),0.865604,0.444422,9.606757,94.740398
lambda_no_time_seed_01,1,0.625,0.375,0.0,shadai,180,69,Diagnóstico Veicular,0.942989,0.074809,9.456047,106.675178
lambda_no_time_seed_01,1,0.625,0.375,0.0,shadai,200,72,Diagnóstico Veicular,0.479315,0.056816,9.606757,70.777439
lambda_no_time_seed_01,1,0.625,0.375,0.0,shadai,240,123,Atualização de Modelos Locais (ML),0.928143,0.23793,8.51446,119.255153
lambda_no_time_seed_01,1,0.625,0.375,0.0,shadai,280,230,Processamento de Imagem Urbana,0.944498,0.282769,9.675746,104.590623
lambda_no_time_seed_01,1,0.625,0.375,0.0,shadai,300,218,Processamento de Imagem Urbana,0.928438,0.029463,9.746732,109.777259
lambda_no_time_seed_01,1,0.625,0.375,0.0,shadai,320,150,Agregação de Dados de Sensores,0.951768,0.060011,9.820608,108.894634
lambda_no_time_seed_01,1,0.625,0.375,0.0,shadai,340,240,Agregação de Dados de Sensores,0.854811,0.018624,7.673816,101.650282
lambda_no_time_seed_01,1,0.625,0.375,0.0,shadai,360,276,Diagnóstico Veicular,0.911276,0.018305,9.581708,106.611266
lambda_no_time_seed_01,1,0.625,0.375,0.0,shadai,400,301,Processamento de Imagem Urbana,0.886557,0.051147,9.015223,119.524904
lambda_no_time_seed_01,1,0.625,0.375,0.0,shadai,420,236,Diagnóstico Veicular,0.907112,0.077709,9.800358,95.909667
lambda_no_time_seed_01,1,0.625,0.375,0.0,shadai,440,188,Diagnóstico Veicular,0.888014,0.132615,9.265497,89.530351
lambda_no_time_seed_01,1,0.625,0.375,0.0,shadai,460,335,Diagnóstico Veicular,0.931173,0.02611,9.210329,107.800212
lambda_no_time_seed_01,1,0.625,0.375,0.0,shadai,480,384,Processamento de Imagem Urbana,0.93305,0.041433,9.28962,108.640967
lambda_no_time_seed_01,1,0.625,0.375,0.0,shadai,500,311,Diagnóstico Veicular,0.85354,0.010942,8.363441,95.814244
lambda_no_time_seed_01,1,0.625,0.375,0.0,shadai,520,256,Agregação de Dados de Sensores,0.844262,0.044668,7.377928,103.522458
lambda_no_time_seed_01,1,0.625,0.375,0.0,shadai,540,379,Processamento de Imagem Urbana,0.55898,0.00505,6.690794,60.897647
lambda_no_time_seed_01,1,0.625,0.375,0.0,shadai,560,444,Atualização de Modelos Locais (ML),0.958522,0.447776,9.760624,112.162439
lambda_no_time_seed_01,1,0.625,0.375,0.0,shadai,580,459,Atualização de Modelos Locais (ML),0.980862,0.322994,9.967982,119.25462
lambda_no_time_seed_01,1,0.625,0.375,0.0,shadai,640,347,Diagnóstico Veicular,0.947988,0.039813,9.978255,109.288851
lambda_no_time_seed_01,1,0.625,0.375,0.0,shadai,660,538,Processamento de Imagem Urbana,0.970125,0.071199,9.396323,119.052408
lambda_no_time_seed_01,1,0.625,0.375,0.0,shadai,680,505,Diagnóstico Veicular,0.509744,0.008604,6.204455,71.820633
lambda_no_time_seed_01,1,0.625,0.375,0.0,shadai,700,521,Agregação de Dados de Sensores,0.882303,0.057603,7.155041,118.814069
lambda_no_time_seed_01,1,0.625,0.375,0.0,shadai,720,577,Atualização de Modelos Locais (ML),0.577969,0.268657,8.103697,92.247125
lambda_no_time_seed_01,1,0.625,0.375,0.0,shadai,740,557,Diagnóstico Veicular,0.931848,0.114893,8.907598,113.913382
lambda_no_time_seed_01,1,0.625,0.375,0.0,shadai,760,625,Processamento de Imagem Urbana,0.954007,0.188421,9.818516,108.817688
lambda_no_time_seed_01,1,0.625,0.375,0.0,shadai,780,580,Atualização de Modelos Locais (ML),0.844202,0.307429,9.962586,78.64728
lambda_no_time_seed_01,1,0.625,0.375,0.0,shadai,800,579,Processamento de Imagem Urbana,0.907892,0.04466,9.941376,96.180558
lambda_no_time_seed_01,1,0.625,0.375,0.0,shadai,820,408,Processamento de Imagem Urbana,0.924163,0.084921,9.0578,117.158122
lambda_no_time_seed_01,1,0.625,0.375,0.0,shadai,840,571,Diagnóstico Veicular,0.880261,0.049844,9.854525,84.380468
lambda_no_time_seed_01,1,0.625,0.375,0.0,shadai,860,707,Diagnóstico Veicular,0.868134,0.138001,8.903989,88.929122
lambda_no_time_seed_01,1,0.625,0.375,0.0,shadai,880,726,Processamento de Imagem Urbana,0.91721,0.193004,8.604156,113.30861
lambda_no_time_seed_01,1,0.625,0.375,0.0,shadai,920,737,Atualização de Modelos Locais (ML),0.751453,0.193231,8.901396,99.258552
lambda_no_time_seed_01,1,0.625,0.375,0.0,shadai,940,677,Atualização de Modelos Locais (ML),0.967923,0.476064,9.574581,119.217232
lambda_no_time_seed_01,1,0.625,0.375,0.0,shadai,960,659,Atualização de Modelos Locais (ML),0.632949,0.31527,7.960985,80.440859
lambda_no_time_seed_01,1,0.625,0.375,0.0,shadai,980,715,Processamento de Imagem Urbana,0.939131,0.074067,9.616635,115.744013
lambda_no_time_seed_01,1,0.625,0.375,0.0,shadai,1000,738,Agregação de Dados de Sensores,0.892691,0.00408,7.426616,119.216687
lambda_no_time_seed_01,1,0.625,0.375,0.0,shadai,1020,798,Agregação de Dados de Sensores,0.749062,0.012114,9.205932,68.092307
lambda_no_time_seed_01,1,0.625,0.375,0.0,shadai,1040,824,Diagnóstico Veicular,0.895674,0.081079,9.800716,101.685034
lambda_no_time_seed_01,1,0.625,0.375,0.0,shadai,1060,825,Processamento de Imagem Urbana,0.948558,0.270598,9.390841,113.123748
lambda_no_time_seed_01,1,0.625,0.375,0.0,shadai,1080,824,Processamento de Imagem Urbana,0.548251,0.286541,10.800716,91.564725
lambda_no_time_seed_01,1,0.625,0.375,0.0,shadai,1100,746,Atualização de Modelos Locais (ML),0.698938,0.21542,8.610872,91.846594
lambda_no_time_seed_01,1,0.625,0.375,0.0,shadai,1120,662,Diagnóstico Veicular,0.824802,0.07191,7.556227,102.817234
lambda_no_time_seed_01,1,0.625,0.375,0.0,shadai,1140,822,Atualização de Modelos Locais (ML),0.85279,0.174512,9.919086,117.270042
lambda_no_time_seed_01,1,0.625,0.375,0.0,shadai,1180,748,Atualização de Modelos Locais (ML),0.864493,0.346276,9.19453,117.928996
lambda_no_time_seed_01,1,0.625,0.375,0.0,shadai,1200,817,Diagnóstico Veicular,0.699739,0.109053,6.349857,84.798345
lambda_no_time_seed_01,1,0.625,0.375,0.0,shadai,1280,784,Atualização de Modelos Locais (ML),0.683174,0.335696,5.261644,119.886541
