experimento,seed,lambda1,lambda2,lambda3,w1,w2,w3,epsilon,modo,step,veiculo,servico,score_base,score,reputacao_norm,energia_norm,proximidade_norm,distancia,cooldown_penalty,last_selection_step,steps_since_last_selection,selection_mode,utilidade,reputacao,energia
normalized_original,42,0.5,0.3,0.2,0.4,0.3,0.3,0.5,shadai,40,4,Diagnóstico Veicular,0.667923,0.667923,0.503249,0.904715,0.650696,349.303661,False,-1,-1,exploration,0.017883,5.032494,108.565827
normalized_original,42,0.5,0.3,0.2,0.4,0.3,0.3,0.5,shadai,60,33,Atualização de Modelos Locais (ML),0.929001,0.929001,0.988992,0.908012,0.870003,129.996942,False,-1,-1,exploitation,0.468389,9.889922,108.961395
normalized_original,42,0.5,0.3,0.2,0.4,0.3,0.3,0.5,shadai,120,76,Atualização de Modelos Locais (ML),0.943773,0.943773,0.962882,0.874739,0.987328,12.672112,False,-1,-1,exploitation,0.237251,9.628819,104.968657
normalized_original,42,0.5,0.3,0.2,0.4,0.3,0.3,0.5,shadai,140,97,Atualização de Modelos Locais (ML),0.899676,0.899676,0.898012,0.95059,0.850981,149.018813,False,-1,-1,exploitation,0.423365,8.980124,114.07085
normalized_original,42,0.5,0.3,0.2,0.4,0.3,0.3,0.5,shadai,160,129,Diagnóstico Veicular,0.728153,0.728153,0.973879,0.557195,0.571478,428.522196,False,-1,-1,exploration,0.000343,9.738785,66.863367
normalized_original,42,0.5,0.3,0.2,0.4,0.3,0.3,0.5,shadai,180,118,Diagnóstico Veicular,0.904613,0.904613,0.862091,0.899071,0.966852,33.14824,False,-1,-1,exploitation,0.012677,8.620907,107.888539
normalized_original,42,0.5,0.3,0.2,0.4,0.3,0.3,0.5,shadai,200,152,Diagnóstico Veicular,0.822054,0.822054,0.987147,0.637156,0.786828,213.172383,False,-1,-1,exploration,0.102769,9.871475,76.45868
normalized_original,42,0.5,0.3,0.2,0.4,0.3,0.3,0.5,shadai,220,24,Diagnóstico Veicular,0.810084,0.810084,0.840142,0.971215,0.608874,391.125536,False,-1,-1,exploration,0.001931,8.401417,116.545852
normalized_original,42,0.5,0.3,0.2,0.4,0.3,0.3,0.5,shadai,240,118,Processamento de Imagem Urbana,0.913673,0.913673,0.962091,0.819355,0.943435,56.565292,False,180,60,exploitation,0.192497,9.620907,98.322542
normalized_original,42,0.5,0.3,0.2,0.4,0.3,0.3,0.5,shadai,280,151,Agregação de Dados de Sensores,0.697253,0.697253,0.589721,0.613742,0.924142,75.858265,False,-1,-1,exploration,0.026374,5.897208,73.64899
normalized_original,42,0.5,0.3,0.2,0.4,0.3,0.3,0.5,shadai,300,246,Atualização de Modelos Locais (ML),0.679089,0.679089,0.563379,0.632684,0.879775,120.224868,False,-1,-1,exploration,0.31045,5.633793,75.92205
normalized_original,42,0.5,0.3,0.2,0.4,0.3,0.3,0.5,shadai,360,238,Agregação de Dados de Sensores,0.897533,0.897533,0.974505,0.984103,0.708332,291.667768,False,-1,-1,exploitation,0.006495,9.745054,118.092413
normalized_original,42,0.5,0.3,0.2,0.4,0.3,0.3,0.5,shadai,380,171,Diagnóstico Veicular,0.93744,0.93744,0.917979,0.980956,0.919872,80.127933,False,-1,-1,exploitation,0.048908,9.179793,117.714666
normalized_original,42,0.5,0.3,0.2,0.4,0.3,0.3,0.5,shadai,400,209,Diagnóstico Veicular,0.909798,0.909798,0.838805,0.950605,0.963646,36.353545,False,-1,-1,exploitation,0.130777,8.388054,114.072565
normalized_original,42,0.5,0.3,0.2,0.4,0.3,0.3,0.5,shadai,420,171,Processamento de Imagem Urbana,0.932123,0.932123,1.0,0.898473,0.875269,124.731089,False,380,40,exploitation,0.22555,10.179793,107.81681
normalized_original,42,0.5,0.3,0.2,0.4,0.3,0.3,0.5,shadai,460,318,Atualização de Modelos Locais (ML),0.943861,0.943861,0.99222,0.973565,0.849678,150.322089,False,-1,-1,exploitation,0.228979,9.922199,116.82781
normalized_original,42,0.5,0.3,0.2,0.4,0.3,0.3,0.5,shadai,480,343,Diagnóstico Veicular,0.915444,0.915444,0.971803,0.858023,0.897721,102.278723,False,-1,-1,exploitation,0.066863,9.718026,102.962703
normalized_original,42,0.5,0.3,0.2,0.4,0.3,0.3,0.5,shadai,520,318,Atualização de Modelos Locais (ML),0.932324,0.932324,0.99222,0.793675,0.991112,8.888368,False,460,60,exploitation,0.250194,9.922199,95.241003
normalized_original,42,0.5,0.3,0.2,0.4,0.3,0.3,0.5,shadai,540,308,Diagnóstico Veicular,0.930385,0.930385,0.973554,0.851415,0.951797,48.203152,False,-1,-1,exploitation,0.029287,9.735543,102.169852
normalized_original,42,0.5,0.3,0.2,0.4,0.3,0.3,0.5,shadai,560,341,Processamento de Imagem Urbana,0.891636,0.891636,0.739266,0.99041,0.996023,3.977253,False,-1,-1,exploitation,0.062409,7.392656,118.849151
normalized_original,42,0.5,0.3,0.2,0.4,0.3,0.3,0.5,shadai,580,342,Agregação de Dados de Sensores,0.913063,0.913063,0.942895,0.895555,0.890795,109.204787,False,-1,-1,exploitation,0.041229,9.428952,107.466553
normalized_original,42,0.5,0.3,0.2,0.4,0.3,0.3,0.5,shadai,600,442,Atualização de Modelos Locais (ML),0.576109,0.576109,0.723368,0.691787,0.264084,735.915658,False,-1,-1,exploration,0.109667,7.233678,83.014463
normalized_original,42,0.5,0.3,0.2,0.4,0.3,0.3,0.5,shadai,620,501,Agregação de Dados de Sensores,0.882416,0.882416,0.98874,0.63737,0.985698,14.301915,False,-1,-1,exploitation,0.063318,9.887397,76.484444
normalized_original,42,0.5,0.3,0.2,0.4,0.3,0.3,0.5,shadai,640,512,Processamento de Imagem Urbana,0.687473,0.687473,0.949656,0.962792,0.062578,937.422452,False,-1,-1,exploration,0.167336,9.496558,115.535089
normalized_original,42,0.5,0.3,0.2,0.4,0.3,0.3,0.5,shadai,660,510,Atualização de Modelos Locais (ML),0.685301,0.685301,0.521276,0.76408,0.825222,174.778182,False,-1,-1,exploration,0.218171,5.212759,91.689551
normalized_original,42,0.5,0.3,0.2,0.4,0.3,0.3,0.5,shadai,700,521,Diagnóstico Veicular,0.807855,0.807855,0.886084,0.690036,0.82137,178.630438,False,-1,-1,exploration,0.054329,8.860837,82.804363
normalized_original,42,0.5,0.3,0.2,0.4,0.3,0.3,0.5,shadai,720,366,Atualização de Modelos Locais (ML),0.941492,0.941492,0.963662,0.855905,0.997518,2.481794,False,-1,-1,exploitation,0.233587,9.636622,102.708546
normalized_original,42,0.5,0.3,0.2,0.4,0.3,0.3,0.5,shadai,740,595,Processamento de Imagem Urbana,0.923037,0.923037,0.897839,0.925053,0.954618,45.382443,False,-1,-1,exploitation,0.117305,8.97839,111.006374
normalized_original,42,0.5,0.3,0.2,0.4,0.3,0.3,0.5,shadai,760,567,Processamento de Imagem Urbana,0.481775,0.481775,0.619286,0.656593,0.12361,876.390038,False,-1,-1,exploration,0.006614,6.192864,78.791145
normalized_original,42,0.5,0.3,0.2,0.4,0.3,0.3,0.5,shadai,780,512,Processamento de Imagem Urbana,0.92681,0.92681,1.0,0.816396,0.939637,60.362527,False,640,140,exploitation,0.298895,10.496558,97.967485
normalized_original,42,0.5,0.3,0.2,0.4,0.3,0.3,0.5,shadai,800,633,Agregação de Dados de Sensores,0.860976,0.860976,0.943207,0.634382,0.977927,22.073415,False,-1,-1,exploration,0.02619,9.432074,76.125869
normalized_original,42,0.5,0.3,0.2,0.4,0.3,0.3,0.5,shadai,820,512,Agregação de Dados de Sensores,0.866508,0.866508,1.0,0.668801,0.886225,113.774828,False,780,40,exploitation,0.03755,10.496558,80.256148
normalized_original,42,0.5,0.3,0.2,0.4,0.3,0.3,0.5,shadai,860,546,Agregação de Dados de Sensores,0.896718,0.896718,0.906148,0.850817,0.930046,69.954364,False,-1,-1,exploitation,0.047184,9.061485,102.098057
normalized_original,42,0.5,0.3,0.2,0.4,0.3,0.3,0.5,shadai,880,697,Diagnóstico Veicular,0.918918,0.918918,0.974349,0.974394,0.789534,210.465867,False,-1,-1,exploitation,0.0678,9.743491,116.927286
normalized_original,42,0.5,0.3,0.2,0.4,0.3,0.3,0.5,shadai,900,606,Diagnóstico Veicular,0.77518,0.77518,0.994077,0.908555,0.349942,650.057947,False,-1,-1,exploration,0.038756,9.940775,109.026542
normalized_original,42,0.5,0.3,0.2,0.4,0.3,0.3,0.5,shadai,920,704,Processamento de Imagem Urbana,0.952235,0.952235,0.942276,0.984551,0.933198,66.801675,False,-1,-1,exploitation,0.191874,9.42276,118.14611
normalized_original,42,0.5,0.3,0.2,0.4,0.3,0.3,0.5,shadai,940,612,Agregação de Dados de Sensores,0.902735,0.902735,0.929981,0.843283,0.925859,74.14093,False,-1,-1,exploitation,0.010741,9.299813,101.19397
normalized_original,42,0.5,0.3,0.2,0.4,0.3,0.3,0.5,shadai,960,707,Agregação de Dados de Sensores,0.809865,0.809865,0.647454,0.922881,0.913396,86.603915,False,-1,-1,exploration,0.005346,6.474543,110.745749
normalized_original,42,0.5,0.3,0.2,0.4,0.3,0.3,0.5,shadai,980,704,Diagnóstico Veicular,0.944229,0.944229,1.0,0.841768,0.972329,27.671282,False,920,60,exploitation,0.014411,10.42276,101.012175
normalized_original,42,0.5,0.3,0.2,0.4,0.3,0.3,0.5,shadai,1000,612,Agregação de Dados de Sensores,0.925345,0.925345,1.0,0.77139,0.979761,20.23866,False,940,60,exploitation,0.018826,10.299813,92.56676
normalized_original,42,0.5,0.3,0.2,0.4,0.3,0.3,0.5,shadai,1020,731,Agregação de Dados de Sensores,0.836976,0.836976,0.928312,0.776027,0.776142,223.857649,False,-1,-1,exploitation,0.008392,9.283121,93.123251
normalized_original,42,0.5,0.3,0.2,0.4,0.3,0.3,0.5,shadai,1040,786,Agregação de Dados de Sensores,0.737963,0.737963,0.760144,0.727963,0.718388,281.612086,False,-1,-1,exploration,0.012638,7.601442,87.355579
normalized_original,42,0.5,0.3,0.2,0.4,0.3,0.3,0.5,shadai,1060,723,Diagnóstico Veicular,0.912653,0.912653,0.843534,0.982814,0.934652,65.347602,False,-1,-1,exploitation,0.008394,8.43534,117.937662
normalized_original,42,0.5,0.3,0.2,0.4,0.3,0.3,0.5,shadai,1080,723,Diagnóstico Veicular,0.890644,0.534387,0.843534,0.900191,0.943911,56.088737,True,1060,20,exploration,0.009783,8.43534,108.022886
normalized_original,42,0.5,0.3,0.2,0.4,0.3,0.3,0.5,shadai,1100,789,Atualização de Modelos Locais (ML),0.550125,0.550125,0.612161,0.509562,0.507972,492.028101,False,-1,-1,exploration,0.155291,6.121607,61.147484
normalized_original,42,0.5,0.3,0.2,0.4,0.3,0.3,0.5,shadai,1120,821,Diagnóstico Veicular,0.884239,0.884239,0.934708,0.925936,0.77525,224.74973,False,-1,-1,exploitation,0.056414,9.347078,111.112269
normalized_original,42,0.5,0.3,0.2,0.4,0.3,0.3,0.5,shadai,1140,805,Diagnóstico Veicular,0.773189,0.773189,0.656354,0.900798,0.801361,198.639226,False,-1,-1,exploration,0.097044,6.563536,108.095766
normalized_original,42,0.5,0.3,0.2,0.4,0.3,0.3,0.5,shadai,1160,821,Agregação de Dados de Sensores,0.917322,0.917322,1.0,0.84921,0.875196,124.80412,False,1120,40,exploitation,0.001406,10.347078,101.905161
normalized_original,42,0.5,0.3,0.2,0.4,0.3,0.3,0.5,shadai,1180,723,Atualização de Modelos Locais (ML),0.922098,0.922098,1.0,0.81292,0.927406,72.593854,False,1080,100,exploitation,0.38064,10.43534,97.550459
normalized_original,42,0.5,0.3,0.2,0.4,0.3,0.3,0.5,shadai,1200,822,Diagnóstico Veicular,0.85853,0.85853,0.985073,0.620446,0.927891,72.108567,False,-1,-1,exploitation,0.104955,9.850725,74.453509
normalized_original,42,0.5,0.3,0.2,0.4,0.3,0.3,0.5,shadai,1260,822,Agregação de Dados de Sensores,0.805996,0.805996,1.0,0.529854,0.823465,176.535496,False,1200,60,exploitation,0.019291,10.850725,63.582485
normalized_original,42,0.5,0.3,0.2,0.4,0.3,0.3,0.5,shadai,1280,822,Diagnóstico Veicular,0.75843,0.455058,1.0,0.457076,0.737691,262.308522,True,1260,20,exploitation,0.076425,10.850725,54.849163
normalized_original,42,0.5,0.3,0.2,0.4,0.3,0.3,0.5,shadai,1320,833,Atualização de Modelos Locais (ML),0.668865,0.668865,0.582078,0.522889,0.930557,69.443486,False,-1,-1,exploitation,0.338963,5.820777,62.746687
normalized_original,42,0.5,0.3,0.2,0.4,0.3,0.3,0.5,shadai,1340,833,Atualização de Modelos Locais (ML),0.573273,0.343964,0.582078,0.338313,0.796495,203.504779,True,1320,20,exploitation,0.318854,5.820777,40.597514
normalized_original,42,0.5,0.3,0.2,0.4,0.3,0.3,0.5,shadai,1380,833,Processamento de Imagem Urbana,0.478967,0.478967,0.582078,0.172386,0.648068,351.931727,False,1340,40,exploitation,0.10659,5.820777,20.686317
