modo,step,veiculo,servico,score,utilidade,reputacao,energia,malicioso
shadai,20,0,Diagnóstico Veicular,0.8396,22.9609,7.1813,117.7795,False
shadai,40,31,Agregação de Dados de Sensores,0.856,15.8084,9.3658,111.7895,False
shadai,60,24,Reencaminhamento de Dados (Edge Relay),0.9348,6.9805,9.7898,106.8047,False
shadai,80,65,Reencaminhamento de Dados (Edge Relay),0.9126,8.1942,9.943,113.7707,False
shadai,100,54,Agregação de Dados de Sensores,0.9291,14.9758,9.6722,113.5424,False
shadai,120,81,Processamento de Imagem Urbana,0.9384,38.1496,9.558,105.63,False
shadai,140,109,Processamento de Imagem Urbana,0.9181,36.8536,9.9115,103.2752,False
shadai,160,17,Reencaminhamento de Dados (Edge Relay),0.8885,10.1975,8.6556,118.6991,False
shadai,180,135,Agregação de Dados de Sensores,0.921,14.3382,9.9688,103.2132,False
shadai,200,73,Atualização de Modelos Locais (ML),0.8897,54.127,8.7822,99.9533,False
shadai,220,97,Reencaminhamento de Dados (Edge Relay),0.9025,11.0576,9.9835,83.3042,False
shadai,240,120,Processamento de Imagem Urbana,0.9151,39.4379,9.9711,98.3901,False
shadai,260,210,Diagnóstico Veicular,0.9286,20.0808,9.2822,112.0713,False
shadai,280,149,Processamento de Imagem Urbana,0.5017,40.7097,5.3669,65.0626,False
shadai,300,152,Diagnóstico Veicular,0.9542,22.0888,9.6665,117.021,False
shadai,320,188,Processamento de Imagem Urbana,0.9358,38.7482,9.3117,107.4789,False
shadai,340,123,Atualização de Modelos Locais (ML),0.8943,52.4645,9.871,90.8352,False
shadai,360,28,Reencaminhamento de Dados (Edge Relay),0.8048,8.5202,8.8481,75.8454,False
shadai,380,259,Atualização de Modelos Locais (ML),0.9194,54.201,9.0946,108.9801,False
shadai,400,63,Diagnóstico Veicular,0.5759,23.1179,7.0545,117.4799,False
shadai,420,308,Reencaminhamento de Dados (Edge Relay),0.9577,11.6067,9.8985,111.8053,False
shadai,440,66,Atualização de Modelos Locais (ML),0.6262,56.2227,6.6904,90.7938,False
shadai,460,32,Reencaminhamento de Dados (Edge Relay),0.648,10.5627,6.8012,114.4431,False
shadai,480,232,Processamento de Imagem Urbana,0.9365,40.5267,9.7568,111.9629,False
shadai,500,403,Agregação de Dados de Sensores,0.99,15.9585,9.9744,118.5221,False
shadai,520,432,Reencaminhamento de Dados (Edge Relay),0.9399,8.215,9.5869,108.0527,False
shadai,540,407,Diagnóstico Veicular,0.9423,20.4309,9.9676,103.8814,False
shadai,560,304,Agregação de Dados de Sensores,0.9126,18.6656,8.0702,117.7745,False
shadai,580,423,Reencaminhamento de Dados (Edge Relay),0.9862,11.2554,9.9016,117.7074,False
shadai,600,86,Processamento de Imagem Urbana,0.9261,41.1959,9.4845,102.3816,False
shadai,620,243,Agregação de Dados de Sensores,0.7953,16.2123,6.6436,96.5463,False
shadai,640,425,Diagnóstico Veicular,0.9419,20.4198,9.3638,118.2153,False
shadai,660,531,Agregação de Dados de Sensores,0.9618,18.3275,9.4272,116.5439,False
shadai,680,347,Atualização de Modelos Locais (ML),0.9317,53.5296,8.5996,115.7029,False
shadai,700,219,Atualização de Modelos Locais (ML),0.4872,53.0703,5.2782,65.4384,False
shadai,720,377,Agregação de Dados de Sensores,0.9311,15.3279,9.4088,112.5286,False
shadai,740,92,Processamento de Imagem Urbana,0.8296,37.8247,7.1406,110.4731,False
shadai,760,482,Agregação de Dados de Sensores,0.9368,15.1746,9.0172,112.0908,False
shadai,780,389,Diagnóstico Veicular,0.9093,21.3329,8.9874,115.1477,False
shadai,800,405,Reencaminhamento de Dados (Edge Relay),0.9436,9.2884,9.5868,119.5077,False
shadai,820,647,Reencaminhamento de Dados (Edge Relay),0.9427,10.7986,9.0711,116.0495,False
shadai,840,589,Diagnóstico Veicular,0.9282,24.3929,8.448,118.3101,False
shadai,860,399,Agregação de Dados de Sensores,0.6371,17.0912,6.2038,93.27,False
shadai,880,704,Processamento de Imagem Urbana,0.9563,40.2481,9.4786,112.835,False
shadai,900,742,Atualização de Modelos Locais (ML),0.9444,53.258,9.8009,118.621,False
shadai,920,552,Agregação de Dados de Sensores,0.587,16.1711,7.9432,107.7196,False
shadai,940,678,Agregação de Dados de Sensores,0.9334,17.1827,9.8789,104.4339,False
shadai,960,672,Atualização de Modelos Locais (ML),0.9335,54.9386,8.8092,115.592,False
shadai,980,810,Processamento de Imagem Urbana,0.9581,38.0716,9.5127,118.1702,False
shadai,1000,410,Reencaminhamento de Dados (Edge Relay),0.9328,11.2235,8.6713,117.652,False
shadai,1020,160,Atualização de Modelos Locais (ML),0.5978,54.4131,5.3588,99.319,False
shadai,1040,789,Atualização de Modelos Locais (ML),0.9367,53.8663,9.7942,111.7862,False
shadai,1060,779,Agregação de Dados de Sensores,0.9165,15.3959,9.1087,109.2692,False
shadai,1080,327,Agregação de Dados de Sensores,0.9628,16.151,9.7742,115.2058,False
shadai,1100,683,Atualização de Modelos Locais (ML),0.9323,53.9802,9.606,99.9402,False
shadai,1120,299,Atualização de Modelos Locais (ML),0.7445,54.1426,8.9004,109.0104,False
shadai,1140,781,Processamento de Imagem Urbana,0.9508,41.1422,8.9132,119.1439,False
shadai,1160,819,Atualização de Modelos Locais (ML),0.9553,54.1176,9.2121,119.6538,False
shadai,1180,778,Atualização de Modelos Locais (ML),0.9176,51.8549,9.184,114.2938,False
shadai,1200,677,Diagnóstico Veicular,0.9438,20.7726,9.0973,115.4648,False
shadai,1220,146,Diagnóstico Veicular,0.9314,23.569,9.5794,99.9137,False
shadai,1240,393,Diagnóstico Veicular,0.926,22.6738,8.2549,118.7042,False
shadai,1260,674,Processamento de Imagem Urbana,0.8975,40.876,9.5252,92.5149,False
shadai,1280,155,Reencaminhamento de Dados (Edge Relay),0.9029,10.1232,9.25,97.6782,False
shadai,1300,755,Atualização de Modelos Locais (ML),0.9297,51.7592,8.5092,116.2956,False
shadai,1320,572,Reencaminhamento de Dados (Edge Relay),0.9017,9.1046,8.64,113.1772,False
shadai,1340,661,Atualização de Modelos Locais (ML),0.8762,52.1373,9.8208,83.8959,False
shadai,1360,702,Diagnóstico Veicular,0.9298,21.5963,9.7836,95.9235,False
shadai,1380,798,Agregação de Dados de Sensores,0.9026,17.9765,9.4079,98.8864,False
shadai,1400,606,Diagnóstico Veicular,0.9253,22.3417,9.2863,102.0442,False
shadai,1420,342,Diagnóstico Veicular,0.9235,20.1424,8.9854,106.2526,False
shadai,1440,671,Atualização de Modelos Locais (ML),0.9228,53.6885,9.6183,103.0913,False
shadai,1460,77,Agregação de Dados de Sensores,0.8906,18.5047,9.374,87.7986,False
shadai,1480,462,Diagnóstico Veicular,0.7452,22.8477,8.4857,98.6596,False
shadai,1500,636,Processamento de Imagem Urbana,0.9245,41.2517,9.919,93.11,False
shadai,1520,363,Processamento de Imagem Urbana,0.9192,36.7824,9.6897,95.8255,False
shadai,1540,572,Atualização de Modelos Locais (ML),0.4481,53.4725,9.64,108.1004,False
shadai,1560,208,Agregação de Dados de Sensores,0.914,18.6484,9.5758,98.0564,False
shadai,1580,774,Atualização de Modelos Locais (ML),0.5434,55.2871,6.7418,60.0983,False
shadai,1600,493,Reencaminhamento de Dados (Edge Relay),0.9027,7.003,8.6143,112.5491,False
shadai,1620,416,Processamento de Imagem Urbana,0.9042,38.592,9.6423,96.8461,False
shadai,1640,682,Diagnóstico Veicular,0.9032,20.0938,8.3107,113.1291,False
shadai,1660,328,Processamento de Imagem Urbana,0.9081,40.1851,8.682,106.7859,False
shadai,1680,408,Diagnóstico Veicular,0.8771,22.867,8.6465,105.4265,False
shadai,1700,159,Diagnóstico Veicular,0.7162,24.3525,6.9176,117.5854,False
shadai,1720,227,Atualização de Modelos Locais (ML),0.9071,53.2432,9.5843,94.1512,False
shadai,1740,818,Agregação de Dados de Sensores,0.8883,17.8479,7.5475,115.3778,False
shadai,1760,469,Reencaminhamento de Dados (Edge Relay),0.9076,8.067,9.2022,96.4385,False
shadai,1780,594,Agregação de Dados de Sensores,0.6813,17.6178,8.4345,68.4188,False
shadai,1800,318,Diagnóstico Veicular,0.9017,23.8625,9.4166,92.5697,False
shadai,1820,250,Diagnóstico Veicular,0.9042,24.4847,8.626,105.0189,False
shadai,1840,663,Diagnóstico Veicular,0.9027,20.2678,8.4432,107.8095,False
shadai,1860,612,Atualização de Modelos Locais (ML),0.9175,52.3343,9.5454,96.1532,False
shadai,1880,292,Reencaminhamento de Dados (Edge Relay),0.8977,9.5238,8.9933,103.9106,False
shadai,1900,694,Processamento de Imagem Urbana,0.9252,40.9691,9.1628,103.5294,False
shadai,1920,373,Processamento de Imagem Urbana,0.9148,37.6198,9.776,89.5906,False
shadai,1940,811,Atualização de Modelos Locais (ML),0.885,53.6143,8.5961,107.2568,False
shadai,1960,725,Agregação de Dados de Sensores,0.846,15.1088,9.2851,87.8881,False
shadai,1980,454,Agregação de Dados de Sensores,0.8889,13.9441,9.2923,98.3841,False
shadai,2000,440,Agregação de Dados de Sensores,0.8801,15.5516,7.8815,116.8598,False
shadai,2020,524,Agregação de Dados de Sensores,0.8907,18.2838,9.519,87.6729,False
shadai,2040,439,Agregação de Dados de Sensores,0.9155,16.7664,9.7415,91.1804,False
shadai,2060,729,Agregação de Dados de Sensores,0.713,18.015,5.8249,76.527,False
shadai,2080,708,Processamento de Imagem Urbana,0.8707,40.2058,9.4232,84.4192,False
shadai,2100,767,Processamento de Imagem Urbana,0.9048,36.9418,7.8135,117.4608,False
shadai,2120,230,Diagnóstico Veicular,0.8817,21.8369,7.8016,117.566,False
shadai,2140,540,Atualização de Modelos Locais (ML),0.8822,51.6786,8.7974,99.5506,False
shadai,2160,51,Diagnóstico Veicular,0.8849,20.6316,8.105,105.9576,False
shadai,2180,740,Reencaminhamento de Dados (Edge Relay),0.877,6.9325,8.3118,105.7704,False
shadai,2200,545,Reencaminhamento de Dados (Edge Relay),0.8762,10.985,9.2924,90.7278,False
shadai,2220,796,Processamento de Imagem Urbana,0.8773,39.4593,9.3069,84.2309,False
shadai,2240,824,Atualização de Modelos Locais (ML),0.875,55.7174,9.628,85.8291,False
shadai,2260,734,Diagnóstico Veicular,0.8899,24.5379,9.1708,99.8155,False
shadai,2280,428,Atualização de Modelos Locais (ML),0.8943,54.3152,9.0696,94.5959,False
shadai,2300,197,Reencaminhamento de Dados (Edge Relay),0.8828,8.728,9.0141,94.2446,False
shadai,2320,575,Processamento de Imagem Urbana,0.8891,37.0836,9.7143,90.8423,False
shadai,2340,333,Agregação de Dados de Sensores,0.8807,18.1513,9.9864,76.1133,False
shadai,2360,787,Agregação de Dados de Sensores,0.4925,16.2312,6.3541,95.3276,False
shadai,2380,460,Reencaminhamento de Dados (Edge Relay),0.69,6.8296,9.5783,90.3187,False
shadai,2400,569,Diagnóstico Veicular,0.5348,22.9669,5.7772,115.1184,False
shadai,2420,501,Agregação de Dados de Sensores,0.7176,17.2958,9.3215,75.6257,False
shadai,2440,621,Diagnóstico Veicular,0.8885,24.5164,9.0826,93.9848,False
shadai,2460,703,Atualização de Modelos Locais (ML),0.8716,55.0356,9.4535,83.4039,False
shadai,2480,294,Processamento de Imagem Urbana,0.6436,41.0675,5.937,61.4871,False
shadai,2500,75,Processamento de Imagem Urbana,0.66,38.7104,6.7043,94.1086,False
shadai,2520,709,Reencaminhamento de Dados (Edge Relay),0.8824,9.4571,8.3808,104.1265,False
shadai,2540,515,Reencaminhamento de Dados (Edge Relay),0.8668,10.4613,7.8378,108.0996,False
shadai,2560,340,Atualização de Modelos Locais (ML),0.8706,53.4691,9.759,75.396,False
shadai,2580,145,Reencaminhamento de Dados (Edge Relay),0.6934,10.0472,8.1718,113.1081,False
shadai,2600,275,Atualização de Modelos Locais (ML),0.8835,52.5351,7.8182,108.6192,False
shadai,2620,653,Agregação de Dados de Sensores,0.905,15.3258,8.2549,113.9845,False
shadai,2640,68,Atualização de Modelos Locais (ML),0.9098,55.3474,9.4073,93.8048,False
shadai,2660,255,Agregação de Dados de Sensores,0.8812,18.7124,9.95,80.0491,False
shadai,2680,144,Processamento de Imagem Urbana,0.8955,37.4232,8.0307,109.8008,False
shadai,2700,254,Reencaminhamento de Dados (Edge Relay),0.8815,9.5181,9.3366,85.8127,False
shadai,2720,724,Agregação de Dados de Sensores,0.8838,16.3853,8.9753,92.9455,False
shadai,2740,315,Processamento de Imagem Urbana,0.8834,36.5451,8.5912,96.7125,False
shadai,2760,504,Atualização de Modelos Locais (ML),0.8753,53.9107,9.544,80.9942,False
shadai,2780,556,Diagnóstico Veicular,0.8607,21.6002,8.4121,97.3164,False
shadai,2800,772,Reencaminhamento de Dados (Edge Relay),0.7446,8.7972,7.8454,98.1344,False
shadai,2820,496,Diagnóstico Veicular,0.8788,20.6764,8.8042,104.6255,False
shadai,2840,625,Agregação de Dados de Sensores,0.8937,14.039,8.8339,104.1313,False
shadai,2860,592,Processamento de Imagem Urbana,0.8652,41.2901,8.7336,93.8,False
shadai,2880,95,Diagnóstico Veicular,0.8998,22.4339,8.1266,111.4131,False
shadai,2900,541,Atualização de Modelos Locais (ML),0.8722,55.3839,9.4597,82.0203,False
shadai,2920,793,Reencaminhamento de Dados (Edge Relay),0.8711,10.0978,8.4439,108.7062,False
shadai,2940,14,Processamento de Imagem Urbana,0.8799,36.5492,8.2839,108.1116,False
shadai,2960,56,Diagnóstico Veicular,0.862,21.9303,8.4992,100.9043,False
shadai,2980,266,Atualização de Modelos Locais (ML),0.8617,53.2043,9.3378,86.1589,False
shadai,3000,557,Processamento de Imagem Urbana,0.6844,37.3711,8.6999,74.6051,False
shadai,3020,577,Processamento de Imagem Urbana,0.8779,37.3224,7.0857,118.705,False
shadai,3040,29,Processamento de Imagem Urbana,0.831,40.1241,9.5695,66.38,False
shadai,3060,247,Agregação de Dados de Sensores,0.9017,13.8882,9.5974,112.2566,False
shadai,3080,673,Atualização de Modelos Locais (ML),0.5197,51.1768,8.9035,65.4172,False
shadai,3100,430,Atualização de Modelos Locais (ML),0.9007,53.3518,9.1168,94.5316,False
shadai,3120,357,Agregação de Dados de Sensores,0.8584,14.8628,9.0362,92.27,False
shadai,3140,556,Agregação de Dados de Sensores,0.4706,15.5672,9.4121,88.0014,False
shadai,3160,117,Agregação de Dados de Sensores,0.8601,17.0389,9.2101,81.5558,False
shadai,3180,298,Atualização de Modelos Locais (ML),0.8853,51.9848,9.6754,80.8318,False
shadai,3200,735,Reencaminhamento de Dados (Edge Relay),0.8724,9.4908,9.6826,75.7731,False
shadai,3220,235,Atualização de Modelos Locais (ML),0.8602,52.3796,7.8866,105.6962,False
shadai,3240,494,Processamento de Imagem Urbana,0.8626,39.6085,9.2156,80.788,False
shadai,3260,215,Processamento de Imagem Urbana,0.8752,41.4049,9.7391,83.6596,False
shadai,3280,489,Agregação de Dados de Sensores,0.8713,14.1047,8.7749,97.4921,False
shadai,3300,147,Processamento de Imagem Urbana,0.8763,37.6592,9.3351,86.0193,False
shadai,3320,192,Processamento de Imagem Urbana,0.8698,40.1727,9.1031,93.6536,False
shadai,3340,458,Reencaminhamento de Dados (Edge Relay),0.8622,8.1715,8.941,91.3533,False
shadai,3360,453,Atualização de Modelos Locais (ML),0.9014,53.857,9.4508,91.6588,False
shadai,3380,718,Diagnóstico Veicular,0.8581,19.7812,9.1036,89.1155,False
shadai,3400,588,Atualização de Modelos Locais (ML),0.8513,53.23,6.9179,113.5498,False
shadai,3420,285,Diagnóstico Veicular,0.8768,20.3823,7.2749,116.5549,False
shadai,3440,710,Agregação de Dados de Sensores,0.8612,14.0409,8.4663,96.2301,False
shadai,3460,321,Processamento de Imagem Urbana,0.8623,38.3871,8.4221,100.0508,False
shadai,3480,749,Diagnóstico Veicular,0.8923,21.5256,7.8838,118.8533,False
shadai,3500,700,Agregação de Dados de Sensores,0.8699,15.1119,7.9947,102.1687,False
shadai,3520,265,Processamento de Imagem Urbana,0.8784,37.0014,9.3389,82.9303,False
shadai,3540,212,Agregação de Dados de Sensores,0.8775,16.6099,9.187,85.8824,False
shadai,3560,610,Processamento de Imagem Urbana,0.8653,37.6266,9.4707,88.7507,False
shadai,3580,365,Processamento de Imagem Urbana,0.8731,36.7482,9.4594,78.2914,False
