experimento,seed,rng_scheme,lambda1,lambda2,lambda3,w1,w2,w3,epsilon,modo,step,veiculo,servico,score_base,score,reputacao_norm,energia_norm,proximidade_norm,distancia,cooldown_penalty,last_selection_step,steps_since_last_selection,selection_mode,utilidade,reputacao,energia
weights_no_reputation_seed_20,20,split_v1,0.5,0.3,0.2,0.0,0.5,0.5,0.2,shadai,20,7,Processamento de Imagem Urbana,0.939495,0.939495,0.992447,0.934701,0.944289,55.71098,False,-1,-1,exploitation,0.125718,9.924468,112.164161
weights_no_reputation_seed_20,20,split_v1,0.5,0.3,0.2,0.0,0.5,0.5,0.2,shadai,60,13,Atualização de Modelos Locais (ML),0.993191,0.993191,0.90885,0.999819,0.986562,13.438059,False,-1,-1,exploitation,0.234807,9.088502,119.97833
weights_no_reputation_seed_20,20,split_v1,0.5,0.3,0.2,0.0,0.5,0.5,0.2,shadai,80,10,Atualização de Modelos Locais (ML),0.983316,0.983316,0.832677,0.979038,0.987595,12.405082,False,-1,-1,exploitation,0.229091,8.326771,117.484529
weights_no_reputation_seed_20,20,split_v1,0.5,0.3,0.2,0.0,0.5,0.5,0.2,shadai,120,42,Processamento de Imagem Urbana,0.970957,0.970957,0.680018,0.993266,0.948648,51.351785,False,-1,-1,exploitation,0.163245,6.800182,119.191912
weights_no_reputation_seed_20,20,split_v1,0.5,0.3,0.2,0.0,0.5,0.5,0.2,shadai,140,53,Agregação de Dados de Sensores,0.901355,0.901355,0.904727,0.876705,0.926006,73.993791,False,-1,-1,exploitation,0.018914,9.047265,105.204541
weights_no_reputation_seed_20,20,split_v1,0.5,0.3,0.2,0.0,0.5,0.5,0.2,shadai,180,112,Processamento de Imagem Urbana,0.962855,0.962855,0.943113,0.990913,0.934796,65.204305,False,-1,-1,exploitation,0.144858,9.431134,118.909618
weights_no_reputation_seed_20,20,split_v1,0.5,0.3,0.2,0.0,0.5,0.5,0.2,shadai,200,147,Atualização de Modelos Locais (ML),0.789056,0.789056,0.567895,0.582613,0.995499,4.500513,False,-1,-1,exploration,0.278023,5.678951,69.913565
weights_no_reputation_seed_20,20,split_v1,0.5,0.3,0.2,0.0,0.5,0.5,0.2,shadai,220,168,Diagnóstico Veicular,0.914592,0.914592,0.882962,0.939223,0.889961,110.039493,False,-1,-1,exploitation,0.070426,8.829622,112.706703
weights_no_reputation_seed_20,20,split_v1,0.5,0.3,0.2,0.0,0.5,0.5,0.2,shadai,240,84,Diagnóstico Veicular,0.90485,0.90485,0.851975,0.90766,0.902041,97.959394,False,-1,-1,exploitation,0.10772,8.51975,108.919193
weights_no_reputation_seed_20,20,split_v1,0.5,0.3,0.2,0.0,0.5,0.5,0.2,shadai,260,71,Atualização de Modelos Locais (ML),0.949056,0.949056,0.715798,0.916635,0.981477,18.523401,False,-1,-1,exploitation,0.347093,7.157984,109.996239
weights_no_reputation_seed_20,20,split_v1,0.5,0.3,0.2,0.0,0.5,0.5,0.2,shadai,280,109,Agregação de Dados de Sensores,0.952861,0.952861,0.771984,0.9206,0.985123,14.877283,False,-1,-1,exploitation,0.057857,7.719836,110.471959
weights_no_reputation_seed_20,20,split_v1,0.5,0.3,0.2,0.0,0.5,0.5,0.2,shadai,300,250,Processamento de Imagem Urbana,0.972984,0.972984,0.591572,0.967629,0.978339,21.660616,False,-1,-1,exploitation,0.03541,5.915723,116.115507
weights_no_reputation_seed_20,20,split_v1,0.5,0.3,0.2,0.0,0.5,0.5,0.2,shadai,320,233,Processamento de Imagem Urbana,0.949924,0.949924,0.937306,0.917907,0.981942,18.057819,False,-1,-1,exploitation,0.108614,9.373056,110.14879
weights_no_reputation_seed_20,20,split_v1,0.5,0.3,0.2,0.0,0.5,0.5,0.2,shadai,340,181,Diagnóstico Veicular,0.842734,0.842734,0.940052,0.853736,0.831731,168.269068,False,-1,-1,exploration,0.010477,9.400519,102.448363
weights_no_reputation_seed_20,20,split_v1,0.5,0.3,0.2,0.0,0.5,0.5,0.2,shadai,380,178,Atualização de Modelos Locais (ML),0.463161,0.463161,0.74694,0.822693,0.103628,896.371662,False,-1,-1,exploration,0.342623,7.469405,98.72312
weights_no_reputation_seed_20,20,split_v1,0.5,0.3,0.2,0.0,0.5,0.5,0.2,shadai,400,246,Atualização de Modelos Locais (ML),0.837123,0.837123,0.555129,0.777181,0.897065,102.935111,False,-1,-1,exploration,0.380092,5.551291,93.261764
weights_no_reputation_seed_20,20,split_v1,0.5,0.3,0.2,0.0,0.5,0.5,0.2,shadai,420,276,Diagnóstico Veicular,0.967115,0.967115,0.683398,0.962411,0.971819,28.180743,False,-1,-1,exploitation,0.04657,6.833984,115.489327
weights_no_reputation_seed_20,20,split_v1,0.5,0.3,0.2,0.0,0.5,0.5,0.2,shadai,440,271,Atualização de Modelos Locais (ML),0.980168,0.980168,0.706074,0.972777,0.98756,12.440061,False,-1,-1,exploitation,0.270234,7.060735,116.733247
weights_no_reputation_seed_20,20,split_v1,0.5,0.3,0.2,0.0,0.5,0.5,0.2,shadai,460,360,Diagnóstico Veicular,0.99102,0.99102,0.82064,0.996532,0.985509,14.491122,False,-1,-1,exploitation,0.117227,8.206404,119.58381
weights_no_reputation_seed_20,20,split_v1,0.5,0.3,0.2,0.0,0.5,0.5,0.2,shadai,480,370,Atualização de Modelos Locais (ML),0.973412,0.973412,0.904958,0.996005,0.950819,49.180645,False,-1,-1,exploitation,0.409356,9.049579,119.520643
weights_no_reputation_seed_20,20,split_v1,0.5,0.3,0.2,0.0,0.5,0.5,0.2,shadai,500,416,Diagnóstico Veicular,0.959565,0.959565,0.832043,0.978331,0.940798,59.201786,False,-1,-1,exploitation,0.091731,8.320427,117.399748
weights_no_reputation_seed_20,20,split_v1,0.5,0.3,0.2,0.0,0.5,0.5,0.2,shadai,520,403,Atualização de Modelos Locais (ML),0.785329,0.785329,0.712719,0.774609,0.796049,203.950575,False,-1,-1,exploration,0.432704,7.127193,92.953024
weights_no_reputation_seed_20,20,split_v1,0.5,0.3,0.2,0.0,0.5,0.5,0.2,shadai,560,351,Diagnóstico Veicular,0.960506,0.960506,0.935186,0.999114,0.921897,78.102652,False,-1,-1,exploitation,0.027962,9.351855,119.893662
weights_no_reputation_seed_20,20,split_v1,0.5,0.3,0.2,0.0,0.5,0.5,0.2,shadai,580,454,Processamento de Imagem Urbana,0.991317,0.991317,0.930112,0.993247,0.989387,10.612603,False,-1,-1,exploitation,0.279826,9.301122,119.189633
weights_no_reputation_seed_20,20,split_v1,0.5,0.3,0.2,0.0,0.5,0.5,0.2,shadai,600,217,Agregação de Dados de Sensores,0.922654,0.922654,0.963433,0.919253,0.926055,73.944554,False,-1,-1,exploitation,0.023789,9.634326,110.310394
weights_no_reputation_seed_20,20,split_v1,0.5,0.3,0.2,0.0,0.5,0.5,0.2,shadai,620,351,Diagnóstico Veicular,0.922635,0.922635,1.0,0.910472,0.934799,65.201418,False,560,60,exploitation,0.029897,10.351855,109.256593
weights_no_reputation_seed_20,20,split_v1,0.5,0.3,0.2,0.0,0.5,0.5,0.2,shadai,640,340,Processamento de Imagem Urbana,0.970173,0.970173,0.953533,0.95056,0.989786,10.214251,False,-1,-1,exploitation,0.020746,9.535335,114.067192
weights_no_reputation_seed_20,20,split_v1,0.5,0.3,0.2,0.0,0.5,0.5,0.2,shadai,660,487,Atualização de Modelos Locais (ML),0.958182,0.958182,0.967298,0.943418,0.972946,27.054155,False,-1,-1,exploitation,0.340318,9.672982,113.210111
weights_no_reputation_seed_20,20,split_v1,0.5,0.3,0.2,0.0,0.5,0.5,0.2,shadai,680,557,Processamento de Imagem Urbana,0.954171,0.954171,0.792073,0.959332,0.94901,50.989866,False,-1,-1,exploitation,0.028039,7.92073,115.119841
weights_no_reputation_seed_20,20,split_v1,0.5,0.3,0.2,0.0,0.5,0.5,0.2,shadai,700,535,Processamento de Imagem Urbana,0.655457,0.655457,0.800306,0.7503,0.560614,439.385565,False,-1,-1,exploration,0.22592,8.003062,90.035965
weights_no_reputation_seed_20,20,split_v1,0.5,0.3,0.2,0.0,0.5,0.5,0.2,shadai,720,429,Processamento de Imagem Urbana,0.936977,0.936977,0.91969,0.982049,0.891905,108.094594,False,-1,-1,exploitation,0.083934,9.196898,117.845931
weights_no_reputation_seed_20,20,split_v1,0.5,0.3,0.2,0.0,0.5,0.5,0.2,shadai,740,574,Processamento de Imagem Urbana,0.956053,0.956053,0.906962,0.926455,0.985651,14.348829,False,-1,-1,exploitation,0.199395,9.069624,111.174653
weights_no_reputation_seed_20,20,split_v1,0.5,0.3,0.2,0.0,0.5,0.5,0.2,shadai,760,565,Diagnóstico Veicular,0.976036,0.976036,0.988023,0.99016,0.961913,38.087085,False,-1,-1,exploitation,0.05794,9.880233,118.819202
weights_no_reputation_seed_20,20,split_v1,0.5,0.3,0.2,0.0,0.5,0.5,0.2,shadai,780,526,Agregação de Dados de Sensores,0.976164,0.976164,0.56134,0.954474,0.997854,2.14593,False,-1,-1,exploitation,0.065763,5.613395,114.536898
weights_no_reputation_seed_20,20,split_v1,0.5,0.3,0.2,0.0,0.5,0.5,0.2,shadai,800,600,Diagnóstico Veicular,0.95548,0.95548,0.653929,0.950145,0.960816,39.184077,False,-1,-1,exploitation,0.103642,6.539289,114.017345
weights_no_reputation_seed_20,20,split_v1,0.5,0.3,0.2,0.0,0.5,0.5,0.2,shadai,820,569,Atualização de Modelos Locais (ML),0.974421,0.974421,0.788406,0.950214,0.998627,1.373041,False,-1,-1,exploitation,0.507543,7.884065,114.025717
weights_no_reputation_seed_20,20,split_v1,0.5,0.3,0.2,0.0,0.5,0.5,0.2,shadai,840,629,Diagnóstico Veicular,0.984531,0.984531,0.620616,0.994157,0.974904,25.095766,False,-1,-1,exploitation,0.076558,6.206161,119.298867
weights_no_reputation_seed_20,20,split_v1,0.5,0.3,0.2,0.0,0.5,0.5,0.2,shadai,860,524,Agregação de Dados de Sensores,0.877728,0.877728,0.620685,0.985392,0.770064,229.936103,False,-1,-1,exploitation,0.024625,6.206851,118.247019
weights_no_reputation_seed_20,20,split_v1,0.5,0.3,0.2,0.0,0.5,0.5,0.2,shadai,900,730,Atualização de Modelos Locais (ML),0.956727,0.956727,0.898768,0.957765,0.95569,44.310184,False,-1,-1,exploitation,0.492899,8.98768,114.931776
weights_no_reputation_seed_20,20,split_v1,0.5,0.3,0.2,0.0,0.5,0.5,0.2,shadai,920,728,Diagnóstico Veicular,0.947073,0.947073,0.677936,0.974826,0.91932,80.679937,False,-1,-1,exploitation,0.033316,6.779356,116.979106
weights_no_reputation_seed_20,20,split_v1,0.5,0.3,0.2,0.0,0.5,0.5,0.2,shadai,940,732,Atualização de Modelos Locais (ML),0.95974,0.95974,0.720825,0.952976,0.966504,33.496436,False,-1,-1,exploitation,0.408727,7.208251,114.357169
weights_no_reputation_seed_20,20,split_v1,0.5,0.3,0.2,0.0,0.5,0.5,0.2,shadai,960,602,Agregação de Dados de Sensores,0.695077,0.695077,0.667484,0.769957,0.620198,379.802018,False,-1,-1,exploration,0.004261,6.674845,92.394787
weights_no_reputation_seed_20,20,split_v1,0.5,0.3,0.2,0.0,0.5,0.5,0.2,shadai,1000,735,Agregação de Dados de Sensores,0.980511,0.980511,0.949952,0.978998,0.982025,17.975377,False,-1,-1,exploitation,0.059004,9.499516,117.479779
weights_no_reputation_seed_20,20,split_v1,0.5,0.3,0.2,0.0,0.5,0.5,0.2,shadai,1020,755,Agregação de Dados de Sensores,0.955174,0.955174,0.556466,0.925167,0.98518,14.819547,False,-1,-1,exploitation,0.017449,5.564656,111.020009
weights_no_reputation_seed_20,20,split_v1,0.5,0.3,0.2,0.0,0.5,0.5,0.2,shadai,1040,723,Agregação de Dados de Sensores,0.780889,0.780889,0.809816,0.64456,0.917219,82.78101,False,-1,-1,exploration,0.040907,8.098164,77.347177
weights_no_reputation_seed_20,20,split_v1,0.5,0.3,0.2,0.0,0.5,0.5,0.2,shadai,1060,814,Processamento de Imagem Urbana,0.96696,0.96696,0.832082,0.996069,0.937852,62.148463,False,-1,-1,exploitation,0.065878,8.320824,119.528275
weights_no_reputation_seed_20,20,split_v1,0.5,0.3,0.2,0.0,0.5,0.5,0.2,shadai,1080,789,Diagnóstico Veicular,0.595591,0.595591,0.723393,0.701032,0.49015,509.84996,False,-1,-1,exploration,0.002301,7.233934,84.123798
weights_no_reputation_seed_20,20,split_v1,0.5,0.3,0.2,0.0,0.5,0.5,0.2,shadai,1140,753,Atualização de Modelos Locais (ML),0.627189,0.627189,0.631004,0.549779,0.704599,295.400565,False,-1,-1,exploration,0.43286,6.310044,65.973439
weights_no_reputation_seed_20,20,split_v1,0.5,0.3,0.2,0.0,0.5,0.5,0.2,shadai,1220,817,Atualização de Modelos Locais (ML),0.993066,0.993066,0.555637,0.999733,0.986399,13.600917,False,-1,-1,exploitation,0.404716,5.556372,119.967976
weights_no_reputation_seed_20,20,split_v1,0.5,0.3,0.2,0.0,0.5,0.5,0.2,shadai,1240,720,Atualização de Modelos Locais (ML),0.610624,0.610624,0.597416,0.669454,0.551794,448.205728,False,-1,-1,exploitation,0.336638,5.974156,80.334442
