configuration,seed,w1,w2,w3,requests,vehicle_evaluations,allocations,request_allocation_rate,overall_eligibility_rate,mean_eligibility_rate,avg_score_base,avg_score_final,avg_reputation_norm,avg_energy_norm,avg_proximity_norm,avg_distance,avg_reputation,avg_energy,avg_utility,unique_vehicles,allocations_per_vehicle,exploration_rate,cooldown_penalty_rate
original,1,0.4,0.3,0.3,64,7629,46,0.71875,0.2972866692882422,0.315975703125,0.8865440652173914,0.8865440652173914,0.9000246956521739,0.8762904347826087,0.8788236739130434,121.17631293478264,9.06440004347826,105.15484693478261,0.10281560869565219,38,1.2105263157894737,0.15217391304347827,0.0
original,2,0.4,0.3,0.3,66,7664,51,0.7727272727272727,0.4421972860125261,0.4140110303030303,0.8812304117647061,0.8812304117647061,0.9064805098039216,0.8528213529411763,0.8759727647058825,124.0271751372549,9.12202911764706,102.3385757254902,0.1485284705882353,44,1.1590909090909092,0.17647058823529413,0.0
original,3,0.4,0.3,0.3,64,7598,56,0.875,0.5346143722032114,0.482337,0.8817368392857142,0.8817368392857142,0.8860061607142857,0.8677179464285716,0.890063482142857,109.93655875,8.871885910714285,104.12615992857143,0.1377179107142857,51,1.0980392156862746,0.14285714285714285,0.0
original,4,0.4,0.3,0.3,64,7621,53,0.828125,0.5264400997244456,0.513469390625,0.8937113018867924,0.8937113018867924,0.9238937924528301,0.881559566037736,0.8656197735849057,134.380250245283,9.339471773584906,105.78714950943396,0.19763556603773583,44,1.2045454545454546,0.1509433962264151,0.0
original,5,0.4,0.3,0.3,68,7644,52,0.7647058823529411,0.39089481946624804,0.4021153088235294,0.8662705384615387,0.8608000576923078,0.8909081538461537,0.8601025384615386,0.8395882115384615,161.77022167307692,8.953691423076922,103.21231630769232,0.1385839423076923,44,1.1818181818181819,0.17307692307692307,0.019230769230769232
original,6,0.4,0.3,0.3,66,7527,58,0.8787878787878788,0.5759266640095656,0.5740576212121212,0.844505724137931,0.8289335689655173,0.8708819827586206,0.8277548620689655,0.8260882068965516,173.91173162068966,8.748105258620688,99.33059072413793,0.17394415517241382,49,1.183673469387755,0.2413793103448276,0.06896551724137931
original,7,0.4,0.3,0.3,65,7605,50,0.7692307692307693,0.40828402366863903,0.45155046153846157,0.8902336599999999,0.8902336599999999,0.9166918799999999,0.8711234999999999,0.8740661200000001,126.61080025999999,9.25698666,104.5348214,0.13883226,40,1.25,0.12,0.0
original,8,0.4,0.3,0.3,64,7609,52,0.8125,0.4365882507556841,0.419443640625,0.8644587115384614,0.8595408653846153,0.8857344038461539,0.8425595192307692,0.8579902692307695,145.39858798076924,8.907318807692306,101.10714751923075,0.1084458076923077,44,1.1818181818181819,0.1346153846153846,0.019230769230769232
original,9,0.4,0.3,0.3,64,7571,48,0.75,0.3566239598467838,0.364492109375,0.8646248958333334,0.8646248958333334,0.8612507708333333,0.8602700208333335,0.8734785208333333,132.05083385416665,8.634370270833333,103.23239710416665,0.11066562499999999,43,1.1162790697674418,0.22916666666666666,0.0
original,10,0.4,0.3,0.3,64,7622,52,0.8125,0.4071109944896353,0.412598609375,0.8667276538461538,0.8667276538461538,0.8647390961538461,0.8691138461538461,0.8669929230769231,133.83912992307694,8.685652730769233,104.29366515384615,0.13389155769230768,44,1.1818181818181819,0.25,0.0
original,11,0.4,0.3,0.3,66,7602,53,0.803030303030303,0.44711917916337807,0.4348023484848485,0.8492079056603773,0.8492079056603773,0.8656210566037738,0.8691074150943395,0.8074246226415095,198.2078398490566,8.698761698113207,104.29289322641509,0.14922483018867924,47,1.127659574468085,0.2641509433962264,0.0
original,12,0.4,0.3,0.3,63,7627,47,0.746031746031746,0.4233643634456536,0.4371732063492064,0.8652725744680851,0.8652725744680851,0.8899688085106381,0.8233569148936168,0.8742600212765959,125.74006957446808,8.942163212765957,98.80283080851063,0.1605215744680851,43,1.0930232558139534,0.23404255319148937,0.0
original,13,0.4,0.3,0.3,66,7586,50,0.7575757575757576,0.36013709464803584,0.3534996212121212,0.87981206,0.87981206,0.90214772,0.8436720400000002,0.886171,113.82899128,9.09874466,101.24065384,0.13480402,43,1.1627906976744187,0.2,0.0
original,14,0.4,0.3,0.3,66,7645,51,0.7727272727272727,0.34414650098103333,0.34675089393939396,0.8589831176470588,0.8589831176470588,0.8790566274509803,0.8497243333333334,0.841477137254902,158.522833372549,8.905213764705882,101.96691652941178,0.11380062745098041,42,1.2142857142857142,0.35294117647058826,0.0
original,15,0.4,0.3,0.3,65,7601,49,0.7538461538461538,0.3783712669385607,0.3978349076923077,0.8591485918367346,0.8591485918367346,0.8780772653061224,0.831445224489796,0.861613857142857,141.43064987755102,8.791505591836735,99.77342783673468,0.14034416326530613,44,1.1136363636363635,0.20408163265306123,0.0
original,16,0.4,0.3,0.3,66,7655,54,0.8181818181818182,0.4322664924885696,0.421533,0.8955808888888889,0.8955808888888889,0.916867,0.8712555555555556,0.891524685185185,108.47534607407407,9.233704925925926,104.55066668518519,0.1558041851851852,43,1.255813953488372,0.09259259259259259,0.0
original,17,0.4,0.3,0.3,66,7585,49,0.7424242424242424,0.4134475939353988,0.39766277272727274,0.8639967142857143,0.8639967142857143,0.8837004897959184,0.8484737142857143,0.8532479387755103,153.87902934693878,8.877987714285714,101.81684446938777,0.14148936734693876,42,1.1666666666666667,0.2653061224489796,0.0
original,18,0.4,0.3,0.3,64,7619,50,0.78125,0.41265257907861924,0.42028726562499996,0.8747080799999999,0.8747080799999999,0.87660442,0.86936378,0.87752386,122.4760872,8.817012,104.32365111999998,0.14101764,43,1.1627906976744187,0.1,0.0
original,19,0.4,0.3,0.3,63,7619,43,0.6825396825396826,0.37235857724110777,0.360232746031746,0.865305953488372,0.865305953488372,0.8748923953488371,0.8459099069767441,0.8719201395348838,128.07978969767444,8.799658604651162,101.50919448837209,0.13549016279069767,37,1.162162162162162,0.2558139534883721,0.0
original,20,0.4,0.3,0.3,63,7560,50,0.7936507936507936,0.46375661375661376,0.45757166666666665,0.8696024600000001,0.8696024600000001,0.89189418,0.85022634,0.8592563399999998,140.74362136,8.98653006,102.02715932,0.16255924,40,1.25,0.2,0.0
original,21,0.4,0.3,0.3,68,7618,53,0.7794117647058824,0.4814912050406931,0.4612286176470588,0.865747962264151,0.8616486792452831,0.8970543773584905,0.865066830188679,0.8246873396226417,177.16309311320754,8.981258415094338,103.80800649056604,0.1489286226415094,45,1.1777777777777778,0.22641509433962265,0.018867924528301886
original,22,0.4,0.3,0.3,66,7600,59,0.8939393939393939,0.3643421052631579,0.3636761515151515,0.8669738983050848,0.8614240677966101,0.8977018983050846,0.8272651186440678,0.865711779661017,134.28825284745758,9.035812474576272,99.27182677966101,0.11155398305084743,47,1.2553191489361701,0.2033898305084746,0.01694915254237288
original,23,0.4,0.3,0.3,64,7645,51,0.796875,0.43086984957488556,0.425624671875,0.8726643333333335,0.8726643333333335,0.9189855686274511,0.8446236666666667,0.8389430196078432,162.21757880392158,9.221053784313726,101.35484137254902,0.14101092156862746,43,1.186046511627907,0.17647058823529413,0.0
original,24,0.4,0.3,0.3,64,7575,48,0.75,0.3684488448844884,0.333501,0.8596066458333333,0.8596066458333333,0.8643887708333334,0.837564,0.8752731041666667,124.72691354166666,8.671637729166667,100.50767908333334,0.12470485416666666,42,1.1428571428571428,0.20833333333333334,0.0
original,25,0.4,0.3,0.3,64,7590,48,0.75,0.4,0.420970484375,0.8869026666666665,0.8869026666666665,0.9049421875,0.8548596666666667,0.8948931666666667,105.1069301875,9.104146791666667,102.58315472916665,0.1465866041666667,40,1.2,0.22916666666666666,0.0
original,26,0.4,0.3,0.3,66,7530,51,0.7727272727272727,0.3823373173970784,0.38467583333333333,0.8639797450980392,0.8533911960784315,0.8999894705882354,0.8313241764705882,0.8486224901960785,151.37749280392154,9.033866764705882,99.75889994117648,0.13607350980392158,40,1.275,0.19607843137254902,0.0392156862745098
original,27,0.4,0.3,0.3,65,7559,56,0.8615384615384616,0.38153194867045903,0.4048742923076923,0.8723023392857142,0.8723023392857142,0.8956083392857143,0.8395397857142858,0.873990125,128.682233,9.034695750000001,100.74477891071429,0.11478285714285714,44,1.2727272727272727,0.21428571428571427,0.0
original,28,0.4,0.3,0.3,65,7634,55,0.8461538461538461,0.4793031176316479,0.5251271846153845,0.8847626727272727,0.8847626727272727,0.9038434363636363,0.8637522727272726,0.8803321454545456,119.66788872727274,9.070573345454545,103.6502738,0.16969532727272726,51,1.0784313725490196,0.14545454545454545,0.0
original,29,0.4,0.3,0.3,64,7610,49,0.765625,0.41681997371879104,0.379674828125,0.8683738775510206,0.8683738775510206,0.8991486326530613,0.849325448979592,0.8463892653061224,160.87572014285715,9.046464020408163,101.91905397959185,0.137907306122449,40,1.225,0.2653061224489796,0.0
original,30,0.4,0.3,0.3,63,7534,47,0.746031746031746,0.3559861959118662,0.34814530158730156,0.8679310212765958,0.8628432127659575,0.8642476170212765,0.8333907021276595,0.9073823829787233,92.61761619148933,8.687037276595744,100.00688595744678,0.11847712765957448,40,1.175,0.2765957446808511,0.02127659574468085
equal,1,0.3333,0.3333,0.3334,64,7629,46,0.71875,0.2972866692882422,0.315975703125,0.873370391304348,0.873370391304348,0.8447552173913044,0.8892366739130435,0.8861154999999998,113.88452408695655,8.506126543478263,106.70840615217391,0.11809095652173912,38,1.2105263157894737,0.15217391304347827,0.0
equal,2,0.3333,0.3333,0.3334,66,7664,51,0.7727272727272727,0.4421972860125261,0.4140110303030303,0.8812732941176469,0.8812732941176469,0.8793199215686275,0.9027549803921567,0.8617507254901962,142.75887350980392,8.901038235294118,108.33060437254902,0.13701852941176468,43,1.186046511627907,0.17647058823529413,0.0
equal,3,0.3333,0.3333,0.3334,64,7598,56,0.875,0.5346143722032114,0.482337,0.8883326428571429,0.8883326428571429,0.8942459821428572,0.8681543750000001,0.9025932142857143,97.40681446428572,8.979999982142857,104.17852651785714,0.1439800892857143,51,1.0980392156862746,0.14285714285714285,0.0
equal,4,0.3333,0.3333,0.3334,64,7621,53,0.828125,0.5264400997244456,0.513469390625,0.8796180188679243,0.8796180188679243,0.8767022641509434,0.8896485283018868,0.8725052264150945,127.49475060377358,8.800720452830188,106.75782726415095,0.1857174716981132,49,1.0816326530612246,0.1509433962264151,0.0
equal,5,0.3333,0.3333,0.3334,68,7644,52,0.7647058823529411,0.39089481946624804,0.4021153088235294,0.862496326923077,0.8572064423076924,0.8652140576923077,0.8535269230769232,0.8687463076923075,134.3946111153846,8.70060823076923,102.42323071153848,0.15381015384615385,48,1.0833333333333333,0.17307692307692307,0.019230769230769232
equal,6,0.3333,0.3333,0.3334,66,7527,58,0.8787878787878788,0.5759266640095656,0.5740576212121212,0.8454801379310346,0.8244566896551725,0.8634640862068964,0.8406244310344827,0.8323555862068965,167.6443725862069,8.65823153448276,100.87492755172414,0.16830974137931037,49,1.183673469387755,0.2413793103448276,0.08620689655172414
equal,7,0.3333,0.3333,0.3334,65,7605,50,0.7692307692307693,0.40828402366863903,0.45155046153846157,0.8727780800000001,0.8727780800000001,0.89012702,0.84581158,0.8823924800000001,118.28445308,8.94801326,101.49739874000001,0.16418828000000002,42,1.1904761904761905,0.12,0.0
equal,8,0.3333,0.3333,0.3334,64,7609,52,0.8125,0.4365882507556841,0.419443640625,0.8721495192307693,0.8721495192307693,0.8717487500000001,0.8638448076923078,0.8808523653846154,119.14769386538462,8.747753980769229,103.66137625,0.12939257692307693,46,1.1304347826086956,0.1346153846153846,0.0
equal,9,0.3333,0.3333,0.3334,64,7571,48,0.75,0.3566239598467838,0.364492109375,0.8725235625,0.8725235625,0.8779750000000001,0.8530434583333334,0.886548,114.81468745833332,8.822562625000002,102.36521727083334,0.12956175,44,1.0909090909090908,0.22916666666666666,0.0
equal,10,0.3333,0.3333,0.3334,64,7622,52,0.8125,0.4071109944896353,0.412598609375,0.8532075384615385,0.8532075384615385,0.8404737884615385,0.8603446923076923,0.8588026346153848,141.1974219807692,8.40473748076923,103.24136455769232,0.13971424999999998,50,1.04,0.25,0.0
equal,11,0.3333,0.3333,0.3334,66,7602,53,0.803030303030303,0.44711917916337807,0.4348023484848485,0.8490534716981131,0.8490534716981131,0.8855543018867926,0.8407375849056605,0.8208770377358491,184.1962374716981,8.914600716981132,100.88850494339623,0.15302358490566034,43,1.2325581395348837,0.2641509433962264,0.0
equal,12,0.3333,0.3333,0.3334,63,7627,47,0.746031746031746,0.4233643634456536,0.4371732063492064,0.8522604042553191,0.8522604042553191,0.8481192127659575,0.821663489361702,0.8869881276595745,113.0119274893617,8.489525553191488,98.59961595744679,0.15799708510638297,45,1.0444444444444445,0.23404255319148937,0.0
equal,13,0.3333,0.3333,0.3334,66,7586,50,0.7575757575757576,0.36013709464803584,0.3534996212121212,0.8697006,0.8697006,0.87744646,0.8625529800000002,0.8691025400000001,130.89744424,8.806742980000001,103.50636124000002,0.13843826,42,1.1904761904761905,0.2,0.0
equal,14,0.3333,0.3333,0.3334,66,7645,51,0.7727272727272727,0.34414650098103333,0.34675089393939396,0.8599903725490198,0.8599903725490198,0.8821562352941176,0.8602656274509803,0.8375559411764706,164.40099905882352,8.850187019607842,103.23186674509805,0.1120367843137255,46,1.108695652173913,0.35294117647058826,0.0
equal,15,0.3333,0.3333,0.3334,65,7601,49,0.7538461538461538,0.3783712669385607,0.3978349076923077,0.8593714081632654,0.8526317346938777,0.8802341224489796,0.846794775510204,0.851087918367347,149.8703137755102,8.825443285714286,101.61536881632651,0.1437084693877551,42,1.1666666666666667,0.20408163265306123,0.02040816326530612
equal,16,0.3333,0.3333,0.3334,66,7655,54,0.8181818181818182,0.4322664924885696,0.421533,0.8904830740740742,0.8904830740740742,0.8868539629629629,0.8711389444444444,0.9134495740740743,86.55040890740742,8.9180195,104.5366699074074,0.15227153703703705,45,1.2,0.09259259259259259,0.0
equal,17,0.3333,0.3333,0.3334,66,7585,49,0.7424242424242424,0.4134475939353988,0.39766277272727274,0.8528336734693877,0.8528336734693877,0.852182530612245,0.8430700204081631,0.8632454081632653,143.75094142857142,8.523066530612244,101.16839946938775,0.142618306122449,43,1.1395348837209303,0.2653061224489796,0.0
equal,18,0.3333,0.3333,0.3334,64,7619,50,0.78125,0.41265257907861924,0.42028726562499996,0.88318078,0.88318078,0.9102878400000001,0.8612562400000001,0.8779995199999999,122.00041768,9.13925174,103.35075517999998,0.14278582,46,1.0869565217391304,0.1,0.0
equal,19,0.3333,0.3333,0.3334,63,7619,43,0.6825396825396826,0.37235857724110777,0.360232746031746,0.8563510465116277,0.8563510465116277,0.8158299767441859,0.8870252790697674,0.866195069767442,141.58776306976745,8.163000953488375,106.44303695348836,0.1257909069767442,39,1.1025641025641026,0.2558139534883721,0.0
equal,20,0.3333,0.3333,0.3334,63,7560,50,0.7936507936507936,0.46375661375661376,0.45757166666666665,0.87815714,0.87815714,0.88035356,0.8691959200000001,0.8849197,115.08027317999999,8.85448806,104.30350960000001,0.16946548000000003,47,1.0638297872340425,0.2,0.0
equal,21,0.3333,0.3333,0.3334,68,7618,53,0.7794117647058824,0.4814912050406931,0.4612286176470588,0.8584876226415095,0.854578320754717,0.882916037735849,0.8473717358490568,0.8451790754716982,156.671359754717,8.908680886792451,101.6846162264151,0.14832028301886793,43,1.2325581395348837,0.22641509433962265,0.018867924528301886
equal,22,0.3333,0.3333,0.3334,66,7600,59,0.8939393939393939,0.3643421052631579,0.3636761515151515,0.8663759491525425,0.86067493220339,0.8816939661016949,0.8376581525423727,0.879771813559322,120.22820544067795,8.85977586440678,100.51897950847457,0.10629566101694914,49,1.2040816326530612,0.2033898305084746,0.01694915254237288
equal,23,0.3333,0.3333,0.3334,64,7645,51,0.796875,0.43086984957488556,0.425624671875,0.8699606862745098,0.8699606862745098,0.8791352352941177,0.8537641960784313,0.8769805294117646,124.18010341176469,8.827707666666667,102.45170066666667,0.13550637254901962,43,1.186046511627907,0.17647058823529413,0.0
equal,24,0.3333,0.3333,0.3334,64,7575,48,0.75,0.3684488448844884,0.333501,0.8526533125000001,0.8526533125000001,0.8565884583333334,0.8607777083333333,0.8405975208333333,159.40250431249999,8.624671812499999,103.29332352083334,0.10662591666666667,43,1.1162790697674418,0.20833333333333334,0.0
equal,25,0.3333,0.3333,0.3334,64,7590,48,0.75,0.4,0.420970484375,0.8732236458333332,0.8670684791666666,0.8648199791666666,0.8674578125,0.8873890624999999,112.61097295833333,8.680821729166667,104.0949355625,0.1410509375,43,1.1162790697674418,0.22916666666666666,0.020833333333333332
equal,26,0.3333,0.3333,0.3334,66,7530,51,0.7727272727272727,0.3823373173970784,0.38467583333333333,0.8676675490196079,0.862192705882353,0.9082463725490195,0.8370233333333333,0.8577356862745097,142.2642501372549,9.143276568627451,100.44279637254903,0.14714188235294118,43,1.186046511627907,0.19607843137254902,0.0196078431372549
equal,27,0.3333,0.3333,0.3334,65,7559,56,0.8615384615384616,0.38153194867045903,0.4048742923076923,0.8624297678571428,0.8624297678571428,0.8564771607142857,0.8532852857142856,0.8775221785714286,125.15016326785714,8.651270428571427,102.39423557142857,0.11536326785714286,49,1.1428571428571428,0.21428571428571427,0.0
equal,28,0.3333,0.3333,0.3334,65,7634,55,0.8461538461538461,0.4793031176316479,0.5251271846153845,0.8819828727272726,0.8819828727272726,0.878403,0.8863284545454546,0.881217290909091,118.78270374545455,8.784030236363636,106.35941683636365,0.15783934545454548,50,1.1,0.14545454545454545,0.0
equal,29,0.3333,0.3333,0.3334,64,7610,49,0.765625,0.41681997371879104,0.379674828125,0.859348306122449,0.859348306122449,0.8514144693877553,0.859704387755102,0.866924,133.07610938775514,8.525128897959185,103.16452618367347,0.13638673469387752,45,1.0888888888888888,0.2653061224489796,0.0
equal,30,0.3333,0.3333,0.3334,63,7534,47,0.746031746031746,0.3559861959118662,0.34814530158730156,0.8596218297872341,0.854523425531915,0.8470745744680851,0.8234535531914895,0.9083225319148936,91.67735570212767,8.510600234042553,98.8144234468085,0.13898806382978726,40,1.175,0.2765957446808511,0.02127659574468085
reputation_high,1,0.7,0.15,0.15,64,7629,46,0.71875,0.2972866692882422,0.315975703125,0.8947544130434781,0.8947544130434781,0.9309538695652175,0.808438,0.8121401739130435,187.85992426086958,9.494134195652174,97.01256526086956,0.1084935652173913,34,1.3529411764705883,0.15217391304347827,0.0
reputation_high,2,0.7,0.15,0.15,66,7664,51,0.7727272727272727,0.4421972860125261,0.4140110303030303,0.9009720980392155,0.9009720980392155,0.9322566862745097,0.7950159411764705,0.860933862745098,139.06608892156862,9.519460411764706,95.40191719607843,0.15438876470588236,35,1.457142857142857,0.17647058823529413,0.0
reputation_high,3,0.7,0.15,0.15,64,7598,56,0.875,0.5346143722032114,0.482337,0.8952857500000001,0.8952857500000001,0.9115188035714287,0.8348231071428572,0.8799941071428572,120.00593975,9.277314607142856,100.17876975,0.14447748214285713,45,1.2444444444444445,0.14285714285714285,0.0
reputation_high,4,0.7,0.15,0.15,64,7621,53,0.828125,0.5264400997244456,0.513469390625,0.902303641509434,0.902303641509434,0.9302620377358489,0.811168679245283,0.8629666981132077,137.03330988679244,9.504390962264152,97.34024364150943,0.17163215094339626,41,1.2926829268292683,0.1509433962264151,0.0
reputation_high,5,0.7,0.15,0.15,68,7644,52,0.7647058823529411,0.39089481946624804,0.4021153088235294,0.8754419615384615,0.8754419615384615,0.9081263076923076,0.7756834807692308,0.8226730192307692,183.68571842307693,9.181989749999998,93.08202234615383,0.14589109615384616,42,1.2380952380952381,0.17307692307692307,0.0
reputation_high,6,0.7,0.15,0.15,66,7527,58,0.8787878787878788,0.5759266640095656,0.5740576212121212,0.874656224137931,0.861377051724138,0.9068190172413793,0.7752094827586208,0.824010396551724,175.98959591379315,9.18638856896552,93.02513475862068,0.17685206896551728,44,1.3181818181818181,0.2413793103448276,0.05172413793103448
reputation_high,7,0.7,0.15,0.15,65,7605,50,0.7692307692307693,0.40828402366863903,0.45155046153846157,0.89864946,0.89864946,0.9278692000000001,0.8188511199999999,0.84208926,158.58767432000002,9.39082954,98.26214274000002,0.13775822,41,1.2195121951219512,0.12,0.0
reputation_high,8,0.7,0.15,0.15,64,7609,52,0.8125,0.4365882507556841,0.419443640625,0.8949135769230769,0.8882126538461537,0.9258786153846154,0.7978761923076922,0.8474475769230772,152.55244386538465,9.465514807692307,95.74514526923076,0.14570309615384616,39,1.3333333333333333,0.1346153846153846,0.019230769230769232
reputation_high,9,0.7,0.15,0.15,64,7571,48,0.75,0.3566239598467838,0.364492109375,0.8812758125000001,0.8812758125000001,0.9120604583333334,0.8102921875,0.8085973541666668,191.4026806875,9.263840875,97.23505602083333,0.13342091666666667,37,1.2972972972972974,0.22916666666666666,0.0
reputation_high,10,0.7,0.15,0.15,64,7622,52,0.8125,0.4071109944896353,0.412598609375,0.869988846153846,0.8632671346153844,0.8952423461538465,0.7764654423076924,0.845662673076923,155.16932765384615,9.053339346153846,93.17584473076924,0.12566173076923076,43,1.2093023255813953,0.25,0.019230769230769232
reputation_high,11,0.7,0.15,0.15,66,7602,53,0.803030303030303,0.44711917916337807,0.4348023484848485,0.859256641509434,0.8548073207547171,0.8764977358490564,0.8120184339622643,0.8260365283018869,178.96242883018868,8.881078245283017,97.44222073584906,0.14962196226415095,42,1.2619047619047619,0.2641509433962264,0.018867924528301886
reputation_high,12,0.7,0.15,0.15,63,7627,47,0.746031746031746,0.4233643634456536,0.4371732063492064,0.8825172765957447,0.8825172765957447,0.9149144680851063,0.7800126382978724,0.8338344255319151,166.16556929787237,9.27788285106383,93.6015134893617,0.1535600638297872,39,1.205128205128205,0.23404255319148937,0.0
reputation_high,13,0.7,0.15,0.15,66,7586,50,0.7575757575757576,0.36013709464803584,0.3534996212121212,0.89132746,0.89132746,0.9166983400000001,0.79079828,0.8734588400000001,126.54115019999999,9.28625056,94.89579745999998,0.11778680000000001,40,1.25,0.2,0.0
reputation_high,14,0.7,0.15,0.15,66,7645,51,0.7727272727272727,0.34414650098103333,0.34675089393939396,0.8734280000000002,0.8662117843137256,0.9054371960784313,0.7865426078431372,0.8109369019607845,190.95729980392153,9.206396392156865,94.38511000000001,0.1254426274509804,36,1.4166666666666667,0.35294117647058826,0.0196078431372549
reputation_high,15,0.7,0.15,0.15,65,7601,49,0.7538461538461538,0.3783712669385607,0.3978349076923077,0.8838370816326531,0.8838370816326531,0.913688081632653,0.7885985918367348,0.8397709591836734,160.22900685714282,9.32647642857143,94.63182344897959,0.13800785714285715,36,1.3611111111111112,0.20408163265306123,0.0
reputation_high,16,0.7,0.15,0.15,66,7655,54,0.8181818181818182,0.4322664924885696,0.421533,0.9033187407407406,0.9033187407407406,0.9240884444444446,0.8529347222222223,0.8567777962962964,143.2221663148148,9.309487814814815,102.35216403703706,0.143369462962963,40,1.35,0.09259259259259259,0.0
reputation_high,17,0.7,0.15,0.15,66,7585,49,0.7424242424242424,0.4134475939353988,0.39766277272727274,0.8731981224489797,0.865621224489796,0.9102114489795918,0.7967365918367345,0.7769315918367347,230.06481755102035,9.222118040816326,95.60839459183674,0.15062214285714287,39,1.2564102564102564,0.2653061224489796,0.02040816326530612
reputation_high,18,0.7,0.15,0.15,64,7619,50,0.78125,0.41265257907861924,0.42028726562499996,0.8995448399999999,0.8995448399999999,0.9305166999999999,0.7977932600000002,0.85676072,143.23916152,9.58399914,95.73519173999999,0.1360806,34,1.4705882352941178,0.1,0.0
reputation_high,19,0.7,0.15,0.15,63,7619,43,0.6825396825396826,0.37235857724110777,0.360232746031746,0.8763623953488372,0.8763623953488372,0.901224976744186,0.8377490465116277,0.798950511627907,204.18109609302326,9.034542162790698,100.52988825581394,0.11884369767441859,40,1.075,0.2558139534883721,0.0
reputation_high,20,0.7,0.15,0.15,63,7560,50,0.7936507936507936,0.46375661375661376,0.45757166666666665,0.8934014800000001,0.8934014800000001,0.9288770599999999,0.8160127199999999,0.80523758,196.18975438000004,9.396851,97.92151584000001,0.13577045999999998,42,1.1904761904761905,0.2,0.0
reputation_high,21,0.7,0.15,0.15,68,7618,53,0.7794117647058824,0.4814912050406931,0.4612286176470588,0.885973679245283,0.880917962264151,0.923582433962264,0.811397679245283,0.7850425283018867,216.80791269811317,9.335795452830187,97.36771515094338,0.14356462264150943,40,1.325,0.22641509433962265,0.018867924528301886
reputation_high,22,0.7,0.15,0.15,66,7600,59,0.8939393939393939,0.3643421052631579,0.3636761515151515,0.8744056610169493,0.8682337627118645,0.9179007288135592,0.7323557118644067,0.8134786610169491,187.3009948983051,9.373605355932204,87.88268155932204,0.11025647457627118,44,1.3409090909090908,0.2033898305084746,0.01694915254237288
reputation_high,23,0.7,0.15,0.15,64,7645,51,0.796875,0.43086984957488556,0.425624671875,0.9021691176470588,0.9021691176470588,0.9412066274509806,0.8109820588235294,0.811180980392157,192.2699476666666,9.617932509803923,97.31785280392158,0.13065939215686273,37,1.3783783783783783,0.17647058823529413,0.0
reputation_high,24,0.7,0.15,0.15,64,7575,48,0.75,0.3684488448844884,0.333501,0.8675806458333334,0.8675806458333334,0.8846689375,0.7994739583333331,0.8559414791666665,144.05853881250002,8.900214229166666,95.9368718125,0.11659245833333336,43,1.1162790697674418,0.20833333333333334,0.0
reputation_high,25,0.7,0.15,0.15,64,7590,48,0.75,0.4,0.420970484375,0.8975952083333333,0.8975952083333333,0.9196252291666666,0.8357571041666668,0.8566269166666666,143.37311654166666,9.308553395833334,100.29084543750001,0.1398305,40,1.2,0.22916666666666666,0.0
reputation_high,26,0.7,0.15,0.15,66,7530,51,0.7727272727272727,0.3823373173970784,0.38467583333333333,0.8996435098039216,0.8928693137254902,0.9312092156862745,0.7932355294117647,0.8587450980392157,141.25489529411763,9.533868392156863,95.1882618627451,0.13079313725490196,38,1.3421052631578947,0.19607843137254902,0.0196078431372549
reputation_high,27,0.7,0.15,0.15,65,7559,56,0.8615384615384616,0.38153194867045903,0.4048742923076923,0.8932386071428571,0.8883697678571428,0.9206179464285713,0.8054951964285715,0.8532119642857143,149.4604557321429,9.400765214285714,96.65942430357143,0.12668930357142857,40,1.4,0.21428571428571427,0.017857142857142856
reputation_high,28,0.7,0.15,0.15,65,7634,55,0.8461538461538461,0.4793031176316479,0.5251271846153845,0.8957892545454544,0.8957892545454544,0.925524309090909,0.810694381818182,0.8421200363636364,159.2645541090909,9.337644927272727,97.28332885454546,0.1733840363636363,45,1.2222222222222223,0.14545454545454545,0.0
reputation_high,29,0.7,0.15,0.15,64,7610,49,0.765625,0.41681997371879104,0.379674828125,0.878620142857143,0.878620142857143,0.900268244897959,0.8371856938775512,0.8190293673469388,180.9706747755102,9.114908448979591,100.46227079591839,0.13512477551020408,40,1.225,0.2653061224489796,0.0
reputation_high,30,0.7,0.15,0.15,63,7534,47,0.746031746031746,0.3559861959118662,0.34814530158730156,0.878394255319149,0.8718315319148937,0.9052688936170215,0.7658188085106382,0.8655550425531916,134.44501623404258,9.130074936170214,91.89825057446808,0.12761325531914897,38,1.236842105263158,0.2765957446808511,0.02127659574468085
energy_high,1,0.15,0.7,0.15,64,7629,46,0.71875,0.2972866692882422,0.315975703125,0.8954553913043478,0.8954553913043478,0.8061583913043477,0.9257932608695651,0.8431755869565217,156.82440195652174,8.061583760869565,111.0951939130435,0.11117528260869565,45,1.0222222222222221,0.15217391304347827,0.0
energy_high,2,0.15,0.7,0.15,66,7664,51,0.7727272727272727,0.4421972860125261,0.4140110303030303,0.8860883333333334,0.8860883333333334,0.8051365882352941,0.9122449999999999,0.8449751568627452,155.02475829411765,8.051366274509805,109.46940276470588,0.12918192156862746,50,1.02,0.17647058823529413,0.0
energy_high,3,0.15,0.7,0.15,64,7598,56,0.875,0.5346143722032114,0.482337,0.8955895714285714,0.8955895714285714,0.8405827857142858,0.9235482142857142,0.8201229285714285,179.8770710892857,8.431563267857141,110.8257850892857,0.12711025,50,1.12,0.14285714285714285,0.0
energy_high,4,0.15,0.7,0.15,64,7621,53,0.828125,0.5264400997244456,0.513469390625,0.9016459622641507,0.9016459622641507,0.8285611698113209,0.9273121320754718,0.8549556603773585,146.01576771698114,8.285611698113208,111.27745662264151,0.1822801320754717,52,1.0192307692307692,0.1509433962264151,0.0
energy_high,5,0.15,0.7,0.15,68,7644,52,0.7647058823529411,0.39089481946624804,0.4021153088235294,0.8725602692307692,0.8681125000000001,0.8298906730769231,0.8910919230769232,0.8287485961538459,171.25136175,8.313160211538461,106.93103140384616,0.14362115384615384,49,1.0612244897959184,0.17307692307692307,0.019230769230769232
energy_high,6,0.15,0.7,0.15,66,7527,58,0.8787878787878788,0.5759266640095656,0.5740576212121212,0.8508284655172415,0.8301175172413795,0.820811,0.8638370172413792,0.8201395689655172,179.8604422586207,8.21877551724138,103.66043801724136,0.17636034482758622,49,1.183673469387755,0.2413793103448276,0.08620689655172414
energy_high,7,0.15,0.7,0.15,65,7605,50,0.7692307692307693,0.40828402366863903,0.45155046153846157,0.89115986,0.89115986,0.82519882,0.9197099,0.82388728,176.78964924,8.258871260000001,110.36519336000003,0.14138828,46,1.0869565217391304,0.12,0.0
energy_high,8,0.15,0.7,0.15,64,7609,52,0.8125,0.4365882507556841,0.419443640625,0.8874604615384616,0.8818748076923077,0.8192090961538463,0.9184803846153847,0.8109518653846155,189.0481368461538,8.215800923076923,110.21764571153845,0.13450526923076925,45,1.1555555555555554,0.1346153846153846,0.019230769230769232
energy_high,9,0.15,0.7,0.15,64,7571,48,0.75,0.3566239598467838,0.364492109375,0.8797499166666668,0.8797499166666668,0.8461442291666668,0.8900136666666666,0.8654579583333334,134.54208072916666,8.461441604166666,106.80163887500002,0.1303455,46,1.0434782608695652,0.22916666666666666,0.0
energy_high,10,0.15,0.7,0.15,64,7622,52,0.8125,0.4071109944896353,0.412598609375,0.8652324038461539,0.8652324038461539,0.7908730384615387,0.8818355961538462,0.8621102307692308,137.88979248076924,7.908730096153846,105.8202709423077,0.15009836538461538,51,1.0196078431372548,0.25,0.0
energy_high,11,0.15,0.7,0.15,66,7602,53,0.803030303030303,0.44711917916337807,0.4348023484848485,0.8587333018867924,0.8587333018867924,0.8319489433962263,0.8685507358490566,0.8397028490566039,160.29715981132074,8.333884849056606,104.22608920754719,0.14704949056603775,49,1.0816326530612246,0.2641509433962264,0.0
energy_high,12,0.15,0.7,0.15,63,7627,47,0.746031746031746,0.4233643634456536,0.4371732063492064,0.8624759574468085,0.8624759574468085,0.7889888510638301,0.8917042340425531,0.7995638510638298,207.54066461702124,7.889888489361701,107.00452019148938,0.13640161702127657,45,1.0444444444444445,0.23404255319148937,0.0
energy_high,13,0.15,0.7,0.15,66,7586,50,0.7575757575757576,0.36013709464803584,0.3534996212121212,0.8750208199999999,0.8750208199999999,0.79487062,0.8992752199999999,0.8419840400000002,158.01596518,7.96414058,107.91302928,0.11856648,46,1.0869565217391304,0.2,0.0
energy_high,14,0.15,0.7,0.15,66,7645,51,0.7727272727272727,0.34414650098103333,0.34675089393939396,0.8707008823529412,0.8707008823529412,0.8108834117647058,0.8931009607843137,0.8259846862745098,174.01528592156856,8.108834686274509,107.17211445098039,0.11398092156862745,47,1.0851063829787233,0.35294117647058826,0.0
energy_high,15,0.15,0.7,0.15,65,7601,49,0.7538461538461538,0.3783712669385607,0.3978349076923077,0.867875163265306,0.867875163265306,0.7723984897959183,0.894606224489796,0.8386068571428571,162.3514132857143,7.744080979591836,107.35274275510206,0.12520720408163266,45,1.0888888888888888,0.20408163265306123,0.0
energy_high,16,0.15,0.7,0.15,66,7655,54,0.8181818181818182,0.4322664924885696,0.421533,0.9014737037037038,0.9014737037037038,0.8402460555555556,0.9224894814814816,0.8646276111111113,135.3723661666667,8.41097575925926,110.6987348148148,0.14084181481481484,49,1.1020408163265305,0.09259259259259259,0.0
energy_high,17,0.15,0.7,0.15,66,7585,49,0.7424242424242424,0.4134475939353988,0.39766277272727274,0.8611987959183673,0.8611987959183673,0.8114399795918368,0.8882280816326531,0.7848202857142857,223.2700958979592,8.114400387755103,106.58737381632655,0.13556938775510202,45,1.0888888888888888,0.2653061224489796,0.0
energy_high,18,0.15,0.7,0.15,64,7619,50,0.78125,0.41265257907861924,0.42028726562499996,0.88935164,0.88935164,0.8308034599999999,0.90706304,0.8652460000000001,134.75398716,8.353832319999999,108.847573,0.12986614,45,1.1111111111111112,0.1,0.0
energy_high,19,0.15,0.7,0.15,63,7619,43,0.6825396825396826,0.37235857724110777,0.360232746031746,0.8746131627906976,0.8746131627906976,0.8097193720930231,0.8870982093023256,0.88124311627907,118.7568481627907,8.112346395348839,106.45178265116279,0.14095609302325582,40,1.075,0.2558139534883721,0.0
energy_high,20,0.15,0.7,0.15,63,7560,50,0.7936507936507936,0.46375661375661376,0.45757166666666665,0.8949883599999999,0.8949883599999999,0.8351996999999999,0.9159716800000001,0.8568544,143.1455634,8.35976928,109.91659938000001,0.1629261,49,1.0204081632653061,0.2,0.0
energy_high,21,0.15,0.7,0.15,68,7618,53,0.7794117647058824,0.4814912050406931,0.4612286176470588,0.8657239999999999,0.861862754716981,0.8144530188679246,0.8929276981132075,0.7900443207547171,211.80603103773583,8.14453037735849,107.15132294339622,0.14007575471698114,50,1.06,0.22641509433962265,0.018867924528301886
energy_high,22,0.15,0.7,0.15,66,7600,59,0.8939393939393939,0.3643421052631579,0.3636761515151515,0.8708240169491526,0.865359,0.8428204067796612,0.8832242542372881,0.8409602711864407,159.8193666101695,8.43904727118644,105.98691042372882,0.09917311864406779,56,1.0535714285714286,0.2033898305084746,0.01694915254237288
energy_high,23,0.15,0.7,0.15,64,7645,51,0.796875,0.43086984957488556,0.425624671875,0.8831265686274511,0.8831265686274511,0.798384450980392,0.9159255098039216,0.814806156862745,186.35444966666668,7.991353215686274,109.91107170588236,0.1242860392156863,47,1.0851063829787233,0.17647058823529413,0.0
energy_high,24,0.15,0.7,0.15,64,7575,48,0.75,0.3684488448844884,0.333501,0.8660978125,0.8660978125,0.8462947500000001,0.8778796249999999,0.8309192291666667,169.08080964583334,8.462947645833333,105.34555697916666,0.1032820625,46,1.0434782608695652,0.20833333333333334,0.0
energy_high,25,0.15,0.7,0.15,64,7590,48,0.75,0.4,0.420970484375,0.8847866249999999,0.8847866249999999,0.8362236875,0.9098718541666667,0.8162851875000001,183.71481866666667,8.363242708333333,109.184617875,0.12940689583333334,45,1.0666666666666667,0.22916666666666666,0.0
energy_high,26,0.15,0.7,0.15,66,7530,51,0.7727272727272727,0.3823373173970784,0.38467583333333333,0.8658316078431373,0.8616096274509804,0.8050125686274509,0.8881827647058824,0.8223456078431371,177.6543823529412,8.050125980392158,106.58191905882353,0.12691525490196076,48,1.0625,0.19607843137254902,0.0196078431372549
energy_high,27,0.15,0.7,0.15,65,7559,56,0.8615384615384616,0.38153194867045903,0.4048742923076923,0.8808264642857143,0.8808264642857143,0.8066585714285716,0.9050058571428572,0.8421576428571428,162.09890101785714,8.084592339285715,108.60069757142857,0.11507667857142856,51,1.0980392156862746,0.21428571428571427,0.0
energy_high,28,0.15,0.7,0.15,65,7634,55,0.8461538461538461,0.4793031176316479,0.5251271846153845,0.8988011272727273,0.8988011272727273,0.8383476909090909,0.928612181818182,0.8201361454545455,179.86385005454542,8.41847161818182,111.43346521818182,0.1551032,51,1.0784313725490196,0.14545454545454545,0.0
energy_high,29,0.15,0.7,0.15,64,7610,49,0.765625,0.41681997371879104,0.379674828125,0.8718177346938775,0.8718177346938775,0.7956192448979592,0.8927882857142857,0.8501534489795917,149.84654895918368,7.956192265306123,107.13460153061223,0.1305898979591837,48,1.0208333333333333,0.2653061224489796,0.0
energy_high,30,0.15,0.7,0.15,63,7534,47,0.746031746031746,0.3559861959118662,0.34814530158730156,0.8746125319148936,0.8695041489361702,0.8418851276595747,0.8831171276595743,0.867651574468085,132.34845159574468,8.425807936170214,105.97405525531914,0.11503553191489364,44,1.0681818181818181,0.2765957446808511,0.02127659574468085
proximity_high,1,0.15,0.15,0.7,64,7629,46,0.71875,0.2972866692882422,0.315975703125,0.8982369999999998,0.8982369999999998,0.8598105000000001,0.8429239565217391,0.9183239130434784,81.67606441304346,8.599856239130435,101.15088119565215,0.11583036956521738,42,1.0952380952380953,0.15217391304347827,0.0
proximity_high,2,0.15,0.15,0.7,66,7664,51,0.7727272727272727,0.4421972860125261,0.4140110303030303,0.8859786666666668,0.8859786666666668,0.8969130000000001,0.8349878431372549,0.8945621960784313,105.43779256862747,9.106605392156862,100.19854886274508,0.14242121568627453,42,1.2142857142857142,0.17647058823529413,0.0
proximity_high,3,0.15,0.15,0.7,64,7598,56,0.875,0.5346143722032114,0.482337,0.9034697321428572,0.9034697321428572,0.867782,0.8592043750000001,0.9206026428571429,79.39736553571429,8.687551178571429,103.1045238392857,0.14233432142857144,53,1.0566037735849056,0.14285714285714285,0.0
proximity_high,4,0.15,0.15,0.7,64,7621,53,0.828125,0.5264400997244456,0.513469390625,0.890608358490566,0.890608358490566,0.8267853962264151,0.8577471698113207,0.9113263018867923,88.6736534716981,8.299307264150945,102.9296529245283,0.18763716981132075,48,1.1041666666666667,0.1509433962264151,0.0
proximity_high,5,0.15,0.15,0.7,68,7644,52,0.7647058823529411,0.39076399790685507,0.39476236764705885,0.8629048846153846,0.8576290961538462,0.8545874038461538,0.8193725000000002,0.8740155961538462,128.25552807692307,8.58019353846154,98.32470728846155,0.1379416346153846,46,1.1304347826086956,0.17307692307692307,0.019230769230769232
proximity_high,6,0.15,0.15,0.7,66,7527,58,0.8787878787878788,0.5759266640095656,0.5740576212121212,0.8579219827586206,0.8488217931034484,0.8795110517241379,0.8084265689655171,0.8639017586206895,136.09815174137933,8.850304862068965,97.01118689655172,0.16797162068965518,49,1.183673469387755,0.2413793103448276,0.05172413793103448
proximity_high,7,0.15,0.15,0.7,65,7605,50,0.7692307692307693,0.40828402366863903,0.45155046153846157,0.8892710199999999,0.8892710199999999,0.8645029599999999,0.84598074,0.90385506,96.8218606,8.6888372,101.51769378,0.14779862000000002,44,1.1363636363636365,0.12,0.0
proximity_high,8,0.15,0.15,0.7,64,7609,52,0.8125,0.4365882507556841,0.419443640625,0.888996269230769,0.888996269230769,0.861093173076923,0.8461841153846155,0.904149576923077,99.23931942307694,8.632068846153846,101.54209646153845,0.13527175000000002,46,1.1304347826086956,0.1346153846153846,0.0
proximity_high,9,0.15,0.15,0.7,64,7571,48,0.75,0.3566239598467838,0.364492109375,0.8806084791666667,0.8806084791666667,0.8399477916666666,0.8557394166666666,0.8946505416666667,105.34945199999999,8.428231604166667,102.68872583333332,0.12369327083333333,44,1.0909090909090908,0.22916666666666666,0.0
proximity_high,10,0.15,0.15,0.7,64,7622,52,0.8125,0.4071109944896353,0.412598609375,0.8701446730769232,0.8633765000000001,0.8364990961538462,0.8103744615384615,0.890162346153846,109.83764674999998,8.368667711538462,97.24492755769231,0.14705888461538458,46,1.1304347826086956,0.25,0.019230769230769232
proximity_high,11,0.15,0.15,0.7,66,7602,53,0.803030303030303,0.44711917916337807,0.4348023484848485,0.8467950188679244,0.8467950188679244,0.8515408867924527,0.8310003396226417,0.8491626603773584,156.16791181132072,8.535419698113206,99.72004626415097,0.14894286792452832,45,1.1777777777777778,0.2641509433962264,0.0
proximity_high,12,0.15,0.15,0.7,63,7627,47,0.746031746031746,0.4233643634456536,0.4371732063492064,0.8798726382978724,0.8798726382978724,0.8521281063829786,0.8358154468085105,0.8952587659574468,104.74126627659574,8.54902910638298,100.29785572340424,0.1706336808510638,44,1.0681818181818181,0.23404255319148937,0.0
proximity_high,13,0.15,0.15,0.7,66,7586,50,0.7575757575757576,0.36013709464803584,0.3534996212121212,0.8776385999999999,0.8776385999999999,0.823706,0.81554414,0.9025015000000001,97.49853181999998,8.23706018,97.86529406,0.15096243999999998,47,1.0638297872340425,0.2,0.0
proximity_high,14,0.15,0.15,0.7,66,7645,51,0.7727272727272727,0.34414650098103333,0.34675089393939396,0.8672128627450981,0.8672128627450981,0.8324192156862747,0.809996411764706,0.8869292941176471,118.82372074509803,8.326603705882354,97.1995687254902,0.11341401960784314,50,1.02,0.35294117647058826,0.0
proximity_high,15,0.15,0.15,0.7,65,7601,49,0.7538461538461538,0.3783712669385607,0.3978349076923077,0.8644247959183673,0.8644247959183673,0.8557855714285714,0.8101435510204082,0.8779078163265306,123.05046451020408,8.580621897959183,97.21721779591837,0.146052306122449,45,1.0888888888888888,0.20408163265306123,0.0
proximity_high,16,0.15,0.15,0.7,66,7655,54,0.8181818181818182,0.4322664924885696,0.421533,0.9088512592592594,0.9030622407407408,0.8187237777777776,0.8542095000000001,0.9398732777777776,60.12672383333333,8.21757561111111,102.50513511111112,0.1579646851851852,45,1.2,0.09259259259259259,0.018518518518518517
proximity_high,17,0.15,0.15,0.7,66,7585,49,0.7424242424242424,0.4134475939353988,0.39766277272727274,0.8632210204081632,0.8632210204081632,0.805723,0.8479114081632654,0.8788226734693879,129.73739289795918,8.101786265306123,101.74936312244898,0.13449163265306122,44,1.1136363636363635,0.2653061224489796,0.0
proximity_high,18,0.15,0.15,0.7,64,7619,50,0.78125,0.41265257907861924,0.42028726562499996,0.8980488400000002,0.8980488400000002,0.86445016,0.8655784600000002,0.9122064799999999,87.79347772,8.684936760000001,103.86942517999998,0.12447847999999999,44,1.1363636363636365,0.1,0.0
proximity_high,19,0.15,0.15,0.7,63,7619,43,0.6825396825396826,0.37235857724110777,0.360232746031746,0.8680451162790697,0.8680451162790697,0.8395355813953489,0.846710511627907,0.8787258604651165,121.27406720930234,8.39535534883721,101.60525851162791,0.131398488372093,42,1.0238095238095237,0.2558139534883721,0.0
proximity_high,20,0.15,0.15,0.7,63,7560,50,0.7936507936507936,0.46375661375661376,0.45757166666666665,0.8891336799999998,0.8891336799999998,0.82015146,0.88190204,0.9054651,94.53488592,8.201514600000001,105.82824712,0.17907200000000004,49,1.0204081632653061,0.2,0.0
proximity_high,21,0.15,0.15,0.7,68,7618,53,0.7794117647058824,0.4814912050406931,0.4612286176470588,0.858666,0.8572914339622643,0.8331408490566039,0.8312037735849057,0.870020396226415,131.82999954716982,8.337833320754717,99.74444758490566,0.1464233773584906,49,1.0816326530612246,0.22641509433962265,0.018867924528301886
proximity_high,22,0.15,0.15,0.7,66,7600,59,0.8939393939393939,0.3643421052631579,0.3636761515151515,0.8891283050847458,0.8780664237288136,0.8508537288135595,0.8010596610169491,0.9162018644067798,83.79814805084744,8.58573766101695,96.12715672881355,0.11788662711864407,48,1.2291666666666667,0.2033898305084746,0.03389830508474576
proximity_high,23,0.15,0.15,0.7,64,7645,51,0.796875,0.43086984957488556,0.425624671875,0.8812630196078431,0.8812630196078431,0.8591441568627451,0.8057867254901961,0.9021760980392157,98.98449507843138,8.61938980392157,96.69440637254903,0.1431007843137255,46,1.108695652173913,0.17647058823529413,0.0
proximity_high,24,0.15,0.15,0.7,64,7575,48,0.75,0.3684488448844884,0.333501,0.8671070625,0.8671070625,0.824305875,0.8263797500000001,0.8850060416666666,114.9939981875,8.282982395833335,99.16556077083334,0.10843508333333333,45,1.0666666666666667,0.20833333333333334,0.0
proximity_high,25,0.15,0.15,0.7,64,7590,48,0.75,0.4,0.420970484375,0.8813568541666666,0.8813568541666666,0.8080809791666667,0.8408307083333334,0.9057431041666666,94.25693045833334,8.095838333333333,100.899679875,0.14226420833333334,44,1.0909090909090908,0.22916666666666666,0.0
proximity_high,26,0.15,0.15,0.7,66,7530,51,0.7727272727272727,0.3823373173970784,0.38467583333333333,0.871298980392157,0.8663427647058825,0.8445527843137256,0.8428562156862743,0.8831251764705881,116.8748294117647,8.445528137254902,101.14273450980393,0.13436392156862745,47,1.0851063829787233,0.19607843137254902,0.0196078431372549
proximity_high,27,0.15,0.15,0.7,65,7559,56,0.8615384615384616,0.38153194867045903,0.4048742923076923,0.8809616785714286,0.8809616785714286,0.8573189107142858,0.8276419642857142,0.8974535892857143,105.21873991071428,8.619383392857143,99.31703276785713,0.13357217857142856,49,1.1428571428571428,0.21428571428571427,0.0
proximity_high,28,0.15,0.15,0.7,65,7634,55,0.8461538461538461,0.4793031176316479,0.5251271846153845,0.8983544727272728,0.8983544727272728,0.8558426545454546,0.8559085636363638,0.9165597818181818,83.44025229090909,8.589741327272726,102.70902234545456,0.15291725454545452,51,1.0784313725490196,0.14545454545454545,0.0
proximity_high,29,0.15,0.15,0.7,64,7610,49,0.765625,0.41681997371879104,0.379674828125,0.873172081632653,0.873172081632653,0.8646580408163265,0.8472422040816326,0.8805528979591837,119.44710869387757,8.684951857142858,101.66906957142857,0.1342222244897959,43,1.1395348837209303,0.2653061224489796,0.0
proximity_high,30,0.15,0.15,0.7,63,7534,47,0.746031746031746,0.3559861959118662,0.34814530158730156,0.8856597234042554,0.8856597234042554,0.839984170212766,0.8455940851063831,0.9040327872340423,95.967172893617,8.432366680851064,101.47128568085104,0.1419346170212766,43,1.0930232558139534,0.2765957446808511,0.0
no_reputation,1,0.0,0.5,0.5,64,7629,46,0.71875,0.2972866692882422,0.315975703125,0.9047114565217392,0.9047114565217392,0.7635717391304347,0.9107534782608697,0.8986694782608694,101.33054969565218,7.657114434782608,109.29041373913041,0.11509515217391304,42,1.0952380952380953,0.15217391304347827,0.0
no_reputation,2,0.0,0.5,0.5,66,7664,51,0.7727272727272727,0.4421972860125261,0.4140110303030303,0.8965829999999998,0.8965829999999998,0.7422311176470587,0.9151874901960784,0.8779781764705882,123.68741735294115,7.429718450980392,109.82250750980394,0.14269564705882354,47,1.0851063829787233,0.17647058823529413,0.0
no_reputation,3,0.0,0.5,0.5,64,7598,56,0.875,0.5346143722032114,0.482337,0.910864517857143,0.910864517857143,0.7609334107142857,0.9169320892857142,0.9047970892857143,95.20293351785715,7.609334535714287,110.03185153571428,0.1446635892857143,53,1.0566037735849056,0.14285714285714285,0.0
no_reputation,4,0.0,0.5,0.5,64,7621,53,0.828125,0.5264400997244456,0.513469390625,0.9041542641509434,0.9041542641509434,0.7850197358490566,0.9081790754716982,0.9001296981132074,99.87035033962263,7.850197358490567,108.98148684905661,0.18224150943396225,50,1.06,0.1509433962264151,0.0
no_reputation,5,0.0,0.5,0.5,68,7644,52,0.7647058823529411,0.39089481946624804,0.4021153088235294,0.881983153846154,0.8775990961538463,0.7330147499999999,0.8813733846153846,0.8825928076923076,117.40722334615386,7.330147038461538,105.76481448076923,0.15794671153846152,50,1.04,0.17307692307692307,0.019230769230769232
no_reputation,6,0.0,0.5,0.5,66,7527,58,0.8787878787878788,0.5759266640095656,0.5740576212121212,0.8581302068965517,0.8450444827586207,0.7452999827586206,0.8569982241379311,0.8592621896551724,140.73777929310344,7.453000448275862,102.83978368965515,0.18289136206896553,52,1.1153846153846154,0.2413793103448276,0.06896551724137931
no_reputation,7,0.0,0.5,0.5,65,7605,50,0.7692307692307693,0.40828402366863903,0.45155046153846157,0.8973407600000001,0.8973407600000001,0.74352846,0.9043312800000001,0.8903501800000002,110.32679788000002,7.4352849,108.51976250000001,0.1351031,47,1.0638297872340425,0.12,0.0
no_reputation,8,0.0,0.5,0.5,64,7609,52,0.8125,0.4365882507556841,0.419443640625,0.8935403269230769,0.8935403269230769,0.7776790576923077,0.8920708269230769,0.895009826923077,108.25594248076922,7.776790461538462,107.04850317307691,0.13852290384615384,49,1.0612244897959184,0.1346153846153846,0.0
no_reputation,9,0.0,0.5,0.5,64,7571,48,0.75,0.3566239598467838,0.364492109375,0.8922806458333333,0.8922806458333333,0.7538909791666667,0.8924661458333333,0.8920951666666667,111.6836400625,7.5389100624999985,107.09593391666665,0.11451277083333333,46,1.0434782608695652,0.22916666666666666,0.0
no_reputation,10,0.0,0.5,0.5,64,7622,52,0.8125,0.4071109944896353,0.412598609375,0.8739718653846152,0.8739718653846152,0.7510909423076926,0.8741068846153847,0.8738368846153846,126.87202413461539,7.522759923076923,104.8928308076923,0.13643221153846155,49,1.0612244897959184,0.25,0.0
no_reputation,11,0.0,0.5,0.5,66,7602,53,0.803030303030303,0.44711917916337807,0.4348023484848485,0.8570693773584906,0.8570693773584906,0.7634271886792454,0.8798603396226418,0.8342783396226415,171.3329596981132,7.635132754716984,105.58323543396229,0.14291154716981133,49,1.0816326530612246,0.2641509433962264,0.0
no_reputation,12,0.0,0.5,0.5,63,7627,47,0.746031746031746,0.4233643634456536,0.4371732063492064,0.8728021914893618,0.8728021914893618,0.7349997234042553,0.8709732978723402,0.8746310425531914,125.36899940425533,7.349996510638298,104.51680512765955,0.15932846808510634,45,1.0444444444444445,0.23404255319148937,0.0
no_reputation,13,0.0,0.5,0.5,66,7586,50,0.7575757575757576,0.36013709464803584,0.3534996212121212,0.8850484799999999,0.8850484799999999,0.7790109400000002,0.8870378200000001,0.8830589799999999,116.94102332,7.79599032,106.44454332,0.12327866,49,1.0204081632653061,0.2,0.0
no_reputation,14,0.0,0.5,0.5,66,7645,51,0.7727272727272727,0.34414650098103333,0.34675089393939396,0.8759785490196078,0.8711958039215686,0.7593602352941177,0.8693997058823529,0.8825573137254903,118.54061992156862,7.593601784313726,104.32796611764708,0.11672682352941179,47,1.0851063829787233,0.35294117647058826,0.0196078431372549
no_reputation,15,0.0,0.5,0.5,65,7601,49,0.7538461538461538,0.3783712669385607,0.3978349076923077,0.8825267346938774,0.8752059591836735,0.738813530612245,0.8842640204081632,0.8807895102040816,120.16871459183676,7.388134877551019,106.11168332653062,0.13177118367346938,45,1.0888888888888888,0.20408163265306123,0.02040816326530612
no_reputation,16,0.0,0.5,0.5,66,7655,54,0.8181818181818182,0.4322664924885696,0.421533,0.9172249444444445,0.9172249444444445,0.7628457037037036,0.9157427037037038,0.918707203703704,81.29278153703706,7.649652074074075,109.88912622222223,0.1517248333333334,48,1.125,0.09259259259259259,0.0
no_reputation,17,0.0,0.5,0.5,66,7585,49,0.7424242424242424,0.4134475939353988,0.39766277272727274,0.8628264897959184,0.8628264897959184,0.7623989387755101,0.8556410408163265,0.8700119387755103,136.98446308163264,7.642155612244898,102.67692942857144,0.14185110204081633,43,1.1395348837209303,0.2653061224489796,0.0
no_reputation,18,0.0,0.5,0.5,64,7619,50,0.78125,0.41265257907861924,0.42028726562499996,0.9028092200000002,0.9028092200000002,0.7434409599999999,0.9079497000000001,0.89766868,102.33121494000001,7.43441026,108.95396731999998,0.13346576000000002,49,1.0204081632653061,0.1,0.0
no_reputation,19,0.0,0.5,0.5,63,7619,43,0.6825396825396826,0.37235857724110777,0.360232746031746,0.8849821395348837,0.8849821395348837,0.7858817441860467,0.8964877906976744,0.8734764186046513,126.52351986046511,7.858817372093023,107.57853720930233,0.13563132558139535,42,1.0238095238095237,0.2558139534883721,0.0
no_reputation,20,0.0,0.5,0.5,63,7560,50,0.7936507936507936,0.46375661375661376,0.45757166666666665,0.9005044999999999,0.9005044999999999,0.79011296,0.90680084,0.8942082799999999,105.7916785,7.90816724,108.81609698,0.16835286,49,1.0204081632653061,0.2,0.0
no_reputation,21,0.0,0.5,0.5,68,7618,53,0.7794117647058824,0.4814912050406931,0.4612286176470588,0.8690475471698111,0.8664387735849056,0.7338969622641511,0.8847654339622641,0.8533296415094339,154.3791975471698,7.34267624528302,106.17185311320755,0.1657245849056604,51,1.0392156862745099,0.22641509433962265,0.018867924528301886
no_reputation,22,0.0,0.5,0.5,66,7600,59,0.8939393939393939,0.3643421052631579,0.3636761515151515,0.8777303559322033,0.8721210847457627,0.7465418135593219,0.8599744237288136,0.8954862033898305,104.5137981355932,7.489720271186442,103.19693113559322,0.11509274576271185,53,1.1132075471698113,0.2033898305084746,0.01694915254237288
no_reputation,23,0.0,0.5,0.5,64,7645,51,0.796875,0.43086984957488556,0.425624671875,0.8837423529411765,0.8837423529411765,0.771466,0.8953719803921568,0.8721126274509804,129.04804009803922,7.714659470588235,107.44464768627452,0.1441886470588235,44,1.1590909090909092,0.17647058823529413,0.0
no_reputation,24,0.0,0.5,0.5,64,7575,48,0.75,0.3684488448844884,0.333501,0.8728490208333334,0.8728490208333334,0.7513761041666668,0.8630769791666667,0.882621125,117.37890766666665,7.513761145833334,103.56923762499999,0.11375916666666668,46,1.0434782608695652,0.20833333333333334,0.0
no_reputation,25,0.0,0.5,0.5,64,7590,48,0.75,0.4,0.420970484375,0.8950782083333332,0.8950782083333332,0.7989463541666666,0.8803697916666667,0.9097866250000001,90.21338825,8.0060635,105.64436695833335,0.1298919791666667,46,1.0434782608695652,0.22916666666666666,0.0
no_reputation,26,0.0,0.5,0.5,66,7530,51,0.7727272727272727,0.3823373173970784,0.38467583333333333,0.8856464117647058,0.8749906078431373,0.7646407647058824,0.8864969411764705,0.8847958627450979,115.20410694117645,7.646407568627451,106.37962399999996,0.14842064705882355,46,1.108695652173913,0.19607843137254902,0.0392156862745098
no_reputation,27,0.0,0.5,0.5,65,7559,56,0.8615384615384616,0.38153194867045903,0.4048742923076923,0.8888437321428572,0.8888437321428572,0.7354185714285715,0.90173975,0.8759477499999999,126.72455773214286,7.355510357142857,108.20877187500001,0.119393,51,1.0980392156862746,0.21428571428571427,0.0
no_reputation,28,0.0,0.5,0.5,65,7634,55,0.8461538461538461,0.4793031176316479,0.5251271846153845,0.9085119090909091,0.9085119090909091,0.7702448727272727,0.9189269636363637,0.8980967272727273,101.90330234545453,7.702748836363635,110.27123707272727,0.15831770909090906,51,1.0784313725490196,0.14545454545454545,0.0
no_reputation,29,0.0,0.5,0.5,64,7610,49,0.765625,0.41681997371879104,0.379674828125,0.8796792244897959,0.8796792244897959,0.7430196122448981,0.8950150204081633,0.8643434081632654,135.65660728571427,7.430195673469388,107.40180534693876,0.14519024489795918,47,1.0425531914893618,0.2653061224489796,0.0
no_reputation,30,0.0,0.5,0.5,63,7534,47,0.746031746031746,0.3559861959118662,0.34814530158730156,0.883978085106383,0.883978085106383,0.7424298510638299,0.8607570638297872,0.9071991914893617,92.8008550212766,7.424298723404256,103.29085261702129,0.11635697872340427,45,1.0444444444444445,0.2765957446808511,0.0
no_energy,1,0.5714,0.0,0.4286,64,7629,46,0.71875,0.2972866692882422,0.315975703125,0.9036388478260868,0.9036388478260868,0.9168659130434783,0.7749685869565216,0.8860046521739129,113.9953480652174,9.316605304347826,92.99624115217394,0.13528421739130433,38,1.2105263157894737,0.15217391304347827,0.0
no_energy,2,0.5714,0.0,0.4286,66,7664,51,0.7727272727272727,0.4421972860125261,0.4140110303030303,0.9096672941176469,0.9096672941176469,0.9190778431372548,0.6831009607843139,0.897121274509804,102.87868076470589,9.401196294117646,81.97211288235292,0.14410694117647058,40,1.275,0.17647058823529413,0.0
no_energy,3,0.5714,0.0,0.4286,64,7598,56,0.875,0.5346143722032114,0.482337,0.9049034464285715,0.9049034464285715,0.9189835357142858,0.7566531071428572,0.8861322321428571,113.86783155357145,9.266229410714285,90.7983814285714,0.14201478571428572,47,1.1914893617021276,0.14285714285714285,0.0
no_energy,4,0.5714,0.0,0.4286,64,7621,53,0.828125,0.5263088833486419,0.511516265625,0.906832962264151,0.906832962264151,0.9226061886792453,0.7166310188679245,0.8858043584905662,114.1956683584906,9.397581735849059,85.99572381132076,0.19485158490566043,43,1.2325581395348837,0.1509433962264151,0.0
no_energy,5,0.5714,0.0,0.4286,68,7644,52,0.7647058823529411,0.39076399790685507,0.39476236764705885,0.8905423846153846,0.8843560192307692,0.9170131730769232,0.691600653846154,0.8552520384615385,147.0190825576923,9.37836175,82.99208538461538,0.16370715384615392,38,1.368421052631579,0.17307692307692307,0.019230769230769232
no_energy,6,0.5714,0.0,0.4286,66,7527,58,0.8787878787878788,0.5759266640095656,0.5740576212121212,0.8663984137931035,0.8479216034482759,0.886410275862069,0.692740396551724,0.8397188965517242,160.2810353448276,8.980036844827588,83.12884513793102,0.1775669482758621,44,1.3181818181818181,0.2413793103448276,0.06896551724137931
no_energy,7,0.5714,0.0,0.4286,65,7605,50,0.7692307692307693,0.40828402366863903,0.45155046153846157,0.9108854,0.9108854,0.9195801999999997,0.7380326600000001,0.89929368,101.38319221999998,9.32016972,88.5639261,0.15966312,39,1.2820512820512822,0.12,0.0
no_energy,8,0.5714,0.0,0.4286,64,7609,52,0.8125,0.4365882507556841,0.419443640625,0.902002826923077,0.8959738846153845,0.9160759423076924,0.7086476153846155,0.8832408653846155,116.75916765384615,9.293927923076922,85.03771553846153,0.1482997307692308,40,1.3,0.1346153846153846,0.019230769230769232
no_energy,9,0.5714,0.0,0.4286,64,7571,48,0.75,0.3566239598467838,0.364492109375,0.8934180416666666,0.8934180416666666,0.9093421875000001,0.7471320208333333,0.8721883333333333,129.041097125,9.213318687500001,89.65584533333333,0.126435375,39,1.2307692307692308,0.22916666666666666,0.0
no_energy,10,0.5714,0.0,0.4286,64,7622,52,0.8125,0.4071109944896353,0.412598609375,0.8819543846153848,0.8750127884615385,0.8922830576923076,0.7146825192307692,0.8681843846153845,132.41691815384615,9.073520923076924,85.76190073076921,0.14491330769230765,39,1.3333333333333333,0.25,0.019230769230769232
no_energy,11,0.5714,0.0,0.4286,66,7602,53,0.803030303030303,0.44711917916337807,0.4348023484848485,0.8715193018867924,0.8715193018867924,0.8973654716981131,0.7580471886792454,0.8370618301886793,167.16410241509433,9.056915849056605,90.9656655283019,0.14195271698113207,44,1.2045454545454546,0.2641509433962264,0.0
no_energy,12,0.5714,0.0,0.4286,63,7627,47,0.746031746031746,0.4233643634456536,0.4371732063492064,0.8886908085106383,0.8886908085106383,0.8969824893617022,0.7184232553191489,0.8776365319148938,122.36352610638298,8.998086617021277,86.21078840425531,0.15459627659574465,41,1.146341463414634,0.23404255319148937,0.0
no_energy,13,0.5714,0.0,0.4286,66,7586,50,0.7575757575757576,0.36013709464803584,0.3534996212121212,0.90034406,0.90034406,0.9223119200000001,0.68880364,0.8710570599999999,128.94300698,9.43070538,82.65643328,0.13225304,37,1.3513513513513513,0.2,0.0
no_energy,14,0.5714,0.0,0.4286,66,7645,51,0.7727272727272727,0.34414650098103333,0.34675089393939396,0.8796952352941176,0.8759393529411764,0.8859434901960784,0.7659229215686276,0.8713651176470588,134.576145372549,8.861475490196078,91.91075072549017,0.12226574509803924,45,1.1333333333333333,0.35294117647058826,0.0196078431372549
no_energy,15,0.5714,0.0,0.4286,65,7601,49,0.7538461538461538,0.3783712669385607,0.3978349076923077,0.8795743469387756,0.87261506122449,0.8932990816326529,0.7288665918367346,0.8612767551020407,139.68148163265303,8.997835142857143,87.46399075510203,0.15190985714285712,38,1.2894736842105263,0.20408163265306123,0.02040816326530612
no_energy,16,0.5714,0.0,0.4286,66,7655,54,0.8181818181818182,0.43213585891574136,0.42134822727272725,0.9103593703703703,0.9103593703703703,0.9193336851851849,0.736155814814815,0.8983951851851854,101.60479951851852,9.291926648148147,88.33870609259259,0.13922581481481483,40,1.35,0.09259259259259259,0.0
no_energy,17,0.5714,0.0,0.4286,66,7585,49,0.7424242424242424,0.4134475939353988,0.39766277272727274,0.8841237959183673,0.8841237959183673,0.9144036938775509,0.7139130816326531,0.8437555714285716,163.24082018367346,9.28996718367347,85.66957159183674,0.1514501632653061,39,1.2564102564102564,0.2653061224489796,0.0
no_energy,18,0.5714,0.0,0.4286,64,7619,50,0.78125,0.41265257907861924,0.42028726562499996,0.9048177599999999,0.9048177599999999,0.92616334,0.7386406199999999,0.87636052,123.63947420000001,9.452499320000001,88.63687456000001,0.15878036,37,1.3513513513513513,0.1,0.0
no_energy,19,0.5714,0.0,0.4286,63,7619,43,0.6825396825396826,0.37235857724110777,0.360232746031746,0.8896993255813953,0.8896993255813953,0.9098348604651164,0.7326123953488373,0.8628549767441862,141.35256967441862,9.142327186046513,87.91348686046513,0.1429110930232558,35,1.2285714285714286,0.2558139534883721,0.0
no_energy,20,0.5714,0.0,0.4286,63,7560,50,0.7936507936507936,0.46375661375661376,0.45757166666666665,0.89926098,0.89926098,0.9268975,0.7452076599999999,0.8624165,137.58351997999998,9.35885042,89.42491552000001,0.15943048,41,1.2195121951219512,0.2,0.0
no_energy,21,0.5714,0.0,0.4286,68,7618,53,0.7794117647058824,0.4814912050406931,0.4612286176470588,0.8846343396226415,0.8806625094339622,0.910712320754717,0.7044474905660378,0.8498676226415095,157.84114747169815,9.204521773584906,84.53370096226415,0.1556464150943396,39,1.358974358974359,0.22641509433962265,0.018867924528301886
no_energy,22,0.5714,0.0,0.4286,66,7600,59,0.8939393939393939,0.3643421052631579,0.3636761515151515,0.8939847966101694,0.8832160169491525,0.8928228305084747,0.7214673389830507,0.8955337796610169,104.46616901694912,8.997139864406781,86.57607900000001,0.11435266101694916,45,1.3111111111111111,0.2033898305084746,0.03389830508474576
no_energy,23,0.5714,0.0,0.4286,64,7645,51,0.796875,0.43086984957488556,0.425624671875,0.9065927450980393,0.9065927450980393,0.9257547058823531,0.7203899607843137,0.8810464901960783,120.1141829607843,9.403107156862745,86.44679601960785,0.13543166666666667,40,1.275,0.17647058823529413,0.0
no_energy,24,0.5714,0.0,0.4286,64,7575,48,0.75,0.3684488448844884,0.333501,0.8757840624999998,0.8757840624999998,0.8829577291666667,0.7304338541666667,0.8662202916666667,133.7797305,8.977742395833333,87.652065375,0.1197120625,38,1.263157894736842,0.20833333333333334,0.0
no_energy,25,0.5714,0.0,0.4286,64,7590,48,0.75,0.4,0.420970484375,0.8997895208333334,0.8997895208333334,0.9133212083333332,0.7142039375000001,0.8817492916666666,118.25066539583334,9.288180708333334,85.70446983333333,0.14185866666666666,40,1.2,0.22916666666666666,0.0
no_energy,26,0.5714,0.0,0.4286,66,7530,51,0.7727272727272727,0.3823373173970784,0.38467583333333333,0.902199843137255,0.8899244705882353,0.919744156862745,0.7065586470588234,0.8788102156862746,121.1897287843137,9.330587745098038,84.78704021568628,0.1330022156862745,38,1.3421052631578947,0.19607843137254902,0.0392156862745098
no_energy,27,0.5714,0.0,0.4286,65,7559,56,0.8615384615384616,0.38153194867045903,0.4048742923076923,0.8981729107142858,0.8981729107142858,0.9113965892857142,0.7167931249999999,0.8805433928571428,122.3978174107143,9.377026767857144,86.01517273214287,0.12794342857142857,42,1.3333333333333333,0.21428571428571427,0.0
no_energy,28,0.5714,0.0,0.4286,65,7634,55,0.8461538461538461,0.47904113177888397,0.5249273846153846,0.9110843272727274,0.9043054727272729,0.9308334,0.7200240000000001,0.8847551454545455,115.24484372727275,9.50473930909091,86.40288225454546,0.17903078181818183,43,1.2790697674418605,0.14545454545454545,0.01818181818181818
no_energy,29,0.5714,0.0,0.4286,64,7610,49,0.765625,0.41681997371879104,0.379674828125,0.8799867346938777,0.8799867346938777,0.9033324693877551,0.7556041020408164,0.8488627959183673,151.1372477755102,9.141490591836735,90.67249569387755,0.1433641836734694,38,1.2894736842105263,0.2653061224489796,0.0
no_energy,30,0.5714,0.0,0.4286,63,7534,47,0.746031746031746,0.3559861959118662,0.34814530158730156,0.8838069148936172,0.8838069148936172,0.8679107234042555,0.7117822553191488,0.9049991914893616,95.0007874042553,8.69222414893617,85.41386685106382,0.13664006382978722,42,1.119047619047619,0.2765957446808511,0.0
no_proximity,1,0.5714,0.4286,0.0,64,7629,46,0.71875,0.2972866692882422,0.315975703125,0.9078692826086956,0.9078692826086956,0.9318697826086956,0.8758722826086955,0.6847742608695652,320.40381178260867,9.467114347826087,105.10467113043478,0.10100960869565219,33,1.393939393939394,0.15217391304347827,0.0
no_proximity,2,0.5714,0.4286,0.0,66,7664,51,0.7727272727272727,0.4421972860125261,0.4140110303030303,0.8956976862745099,0.8956976862745099,0.906015568627451,0.8819421176470588,0.6682785098039216,331.72135439215685,9.119771549019607,105.83305513725492,0.11196649019607843,43,1.186046511627907,0.17647058823529413,0.0
no_proximity,3,0.5714,0.4286,0.0,64,7598,56,0.875,0.5346143722032114,0.482337,0.8952141607142856,0.8952141607142856,0.9084788035714286,0.8775300178571429,0.7035799285714285,296.42011185714284,9.151656767857144,105.30360598214286,0.12422773214285714,45,1.2444444444444445,0.14285714285714285,0.0
no_proximity,4,0.5714,0.4286,0.0,64,7621,53,0.828125,0.5264400997244456,0.513469390625,0.9107565471698114,0.9107565471698114,0.9216640754716978,0.8962147735849056,0.6845075283018869,317.26781543396226,9.299397660377359,107.54578360377359,0.16136841509433963,47,1.127659574468085,0.1509433962264151,0.0
no_proximity,5,0.5714,0.4286,0.0,68,7644,52,0.7647058823529411,0.39089481946624804,0.4021153088235294,0.8886503653846154,0.8886503653846154,0.8949409423076922,0.8802639615384616,0.6920025576923077,315.4647128846154,8.99004475,105.63167588461539,0.11555442307692307,47,1.1063829787234043,0.17307692307692307,0.0
no_proximity,6,0.5714,0.4286,0.0,66,7527,58,0.8787878787878788,0.5759266640095656,0.5740576212121212,0.8641010862068965,0.8389091896551725,0.8881107413793102,0.8320920172413794,0.6341453448275862,372.1722486896552,8.920848206896551,99.85103463793104,0.14845468965517242,47,1.2340425531914894,0.2413793103448276,0.08620689655172414
no_proximity,7,0.5714,0.4286,0.0,65,7605,50,0.7692307692307693,0.40828402366863903,0.45155046153846157,0.9028052199999999,0.9028052199999999,0.91606484,0.88512776,0.6254809600000001,382.92962826,9.2226675,106.21533063999999,0.10924512,42,1.1904761904761905,0.12,0.0
no_proximity,8,0.5714,0.4286,0.0,64,7609,52,0.8125,0.4365882507556841,0.419443640625,0.9053750384615384,0.8986442499999998,0.9307364038461539,0.8715638461538462,0.6816367692307694,324.4327456346154,9.489789076923076,104.58766138461539,0.11711109615384618,40,1.3,0.1346153846153846,0.019230769230769232
no_proximity,9,0.5714,0.4286,0.0,64,7571,48,0.75,0.3566239598467838,0.364492109375,0.8786056041666667,0.8786056041666667,0.8934801874999999,0.8587750208333333,0.7252904791666667,277.3732171041667,8.974054854166667,103.05300085416667,0.10512406249999999,43,1.1162790697674418,0.22916666666666666,0.0
no_proximity,10,0.5714,0.4286,0.0,64,7622,52,0.8125,0.4071109944896353,0.412598609375,0.8724391923076923,0.8662454230769231,0.8856560769230768,0.8548187500000002,0.7376545384615383,262.3454743076923,8.921151557692308,102.57825040384616,0.13249542307692308,43,1.2093023255813953,0.25,0.019230769230769232
no_proximity,11,0.5714,0.4286,0.0,66,7602,53,0.803030303030303,0.44711917916337807,0.4348023484848485,0.8753125660377358,0.8753125660377358,0.886740886792453,0.8600763962264152,0.696256962264151,303.7430883584906,8.929633,103.20916871698118,0.13254377358490568,44,1.2045454545454546,0.2641509433962264,0.0
no_proximity,12,0.5714,0.4286,0.0,63,7627,47,0.746031746031746,0.4233643634456536,0.4371732063492064,0.8854324893617022,0.8854324893617022,0.90945585106383,0.8534051914893618,0.6758689787234043,324.1310745957446,9.117106085106382,102.40862823404255,0.13988685106382973,42,1.119047619047619,0.23404255319148937,0.0
no_proximity,13,0.5714,0.4286,0.0,66,7586,50,0.7575757575757576,0.36013709464803584,0.3534996212121212,0.8867887,0.8867887,0.89209504,0.8797143,0.72822758,271.77239632,8.957889940000001,105.56571386,0.11838014,43,1.1627906976744187,0.2,0.0
no_proximity,14,0.5714,0.4286,0.0,66,7645,51,0.7727272727272727,0.34414650098103333,0.34675089393939396,0.875357725490196,0.875357725490196,0.8978766470588233,0.845336137254902,0.6819368235294118,326.85400949019606,9.095870490196077,101.44033274509805,0.10279482352941177,40,1.275,0.35294117647058826,0.0
no_proximity,15,0.5714,0.4286,0.0,65,7601,49,0.7538461538461538,0.3783712669385607,0.3978349076923077,0.8811474489795917,0.8811474489795917,0.8974914081632653,0.8593582653061225,0.6618243265306123,343.6136670816326,9.007722142857142,103.12297969387754,0.09089634693877549,45,1.0888888888888888,0.20408163265306123,0.0
no_proximity,16,0.5714,0.4286,0.0,66,7655,54,0.8181818181818182,0.4322664924885696,0.421533,0.9079918703703704,0.9017547037037038,0.9254824259259261,0.8846738518518519,0.683934351851852,322.2474367962962,9.407250685185184,106.16086183333334,0.11508927777777779,41,1.3170731707317074,0.09259259259259259,0.018518518518518517
no_proximity,17,0.5714,0.4286,0.0,66,7585,49,0.7424242424242424,0.4134475939353988,0.39766277272727274,0.8594141428571429,0.8529746938775511,0.8586734081632652,0.8604016326530612,0.685442306122449,320.4347546122449,8.60690218367347,103.24819875510204,0.13104714285714286,43,1.1395348837209303,0.2653061224489796,0.02040816326530612
no_proximity,18,0.5714,0.4286,0.0,64,7619,50,0.78125,0.41265257907861924,0.42028726562499996,0.8902216600000001,0.8902216600000001,0.9175673400000002,0.85376514,0.71725022,282.74978747999995,9.296727559999999,102.45181155999998,0.10152101999999999,41,1.2195121951219512,0.1,0.0
no_proximity,19,0.5714,0.4286,0.0,63,7619,43,0.6825396825396826,0.37235857724110777,0.360232746031746,0.8863396511627906,0.8863396511627906,0.920882558139535,0.8402876279069768,0.6992322325581396,302.05801095348835,9.25521946511628,100.83451476744185,0.11718695348837206,40,1.075,0.2558139534883721,0.0
no_proximity,20,0.5714,0.4286,0.0,63,7560,50,0.7936507936507936,0.46375661375661376,0.45757166666666665,0.89456494,0.89456494,0.91155976,0.87190786,0.71432302,289.21792418,9.19597306,104.62894808000001,0.16537313999999997,42,1.1904761904761905,0.2,0.0
no_proximity,21,0.5714,0.4286,0.0,68,7618,53,0.7794117647058824,0.4814912050406931,0.4612286176470588,0.8942611698113205,0.8895931320754715,0.9020418113207549,0.8838882452830189,0.5868315660377359,426.56644426415096,9.029711792452831,106.06659428301887,0.1264542075471698,48,1.1041666666666667,0.22641509433962265,0.018867924528301886
no_proximity,22,0.5714,0.4286,0.0,66,7600,59,0.8939393939393939,0.3643421052631579,0.3636761515151515,0.8725392203389831,0.867038,0.8907376101694916,0.8482774745762711,0.7193692033898305,282.4342621525423,9.037412966101694,101.79329723728813,0.08290052542372882,48,1.2291666666666667,0.2033898305084746,0.01694915254237288
no_proximity,23,0.5714,0.4286,0.0,64,7645,51,0.796875,0.43086984957488556,0.425624671875,0.9069867843137254,0.9069867843137254,0.9263434705882352,0.8811807843137254,0.6970012156862745,304.15936043137253,9.344938313725489,105.74170258823528,0.11336472549019608,41,1.2439024390243902,0.17647058823529413,0.0
no_proximity,24,0.5714,0.4286,0.0,64,7575,48,0.75,0.3684488448844884,0.333501,0.8630754791666666,0.8630754791666666,0.8639418333333332,0.8619203541666667,0.6789703125000001,321.02970108333335,8.7280931875,103.43044837500001,0.08765889583333335,39,1.2307692307692308,0.20833333333333334,0.0
no_proximity,25,0.5714,0.4286,0.0,64,7590,48,0.75,0.4,0.420970484375,0.8999253958333334,0.8999253958333334,0.9187757916666667,0.8747946041666665,0.683860375,324.85307620833333,9.295852124999998,104.97534920833334,0.122990875,39,1.2307692307692308,0.22916666666666666,0.0
no_proximity,26,0.5714,0.4286,0.0,66,7530,51,0.7727272727272727,0.3823373173970784,0.38467583333333333,0.8866012745098041,0.8814555882352942,0.897508411764706,0.8720601568627451,0.6491500784313725,350.84989735294107,9.06015588235294,104.64722037254901,0.11626058823529413,41,1.2439024390243902,0.19607843137254902,0.0196078431372549
no_proximity,27,0.5714,0.4286,0.0,65,7559,56,0.8615384615384616,0.38153194867045903,0.4048742923076923,0.8981298035714286,0.8926311785714286,0.9304551785714285,0.8550343571428571,0.7015369464285713,305.38883621428573,9.4391065,102.60412323214284,0.11063042857142857,46,1.2173913043478262,0.21428571428571427,0.017857142857142856
no_proximity,28,0.5714,0.4286,0.0,65,7634,55,0.8461538461538461,0.4793031176316479,0.5251271846153845,0.9020982909090909,0.9020982909090909,0.9199143090909092,0.8783464909090908,0.7538692909090908,246.1307149818182,9.294891945454546,105.40158083636365,0.15578279999999997,44,1.25,0.14545454545454545,0.0
no_proximity,29,0.5714,0.4286,0.0,64,7610,49,0.765625,0.41681997371879104,0.379674828125,0.8842678163265306,0.8842678163265306,0.8892587346938776,0.8776140204081633,0.6917208775510204,308.2791914081633,8.912513163265306,105.31369095918365,0.09807104081632653,44,1.1136363636363635,0.2653061224489796,0.0
no_proximity,30,0.5714,0.4286,0.0,63,7534,47,0.746031746031746,0.3559861959118662,0.34814530158730156,0.8564231702127663,0.8514854255319151,0.8738494680851063,0.8331908723404255,0.717249595744681,290.2062463829787,8.757750191489361,99.98290112765957,0.10893306382978725,41,1.146341463414634,0.2765957446808511,0.02127659574468085
