configuration,epsilon,baseline_epsilon,metric,n_pairs,baseline_mean,alternative_mean,mean_difference,difference_sd,difference_ci95_low,difference_ci95_high,difference_pct,ci95_excludes_zero
epsilon_000,0.0,0.2,request_allocation_rate,30,0.786024518101724,0.7865295686067745,0.0005050505050505046,0.002766275542955382,-0.0005278937586528799,0.001537994768753889,0.06425378514529889,False
epsilon_000,0.0,0.2,overall_eligibility_rate,30,0.4161528368059962,0.416157265307834,4.428501837831315e-06,2.425590352533296e-05,-4.628801391140441e-06,1.3485805066803072e-05,0.0010641527453671557,False
epsilon_000,0.0,0.2,exploration_rate,30,0.20284476984587882,0.0,-0.20284476984587882,0.05819385048089673,-0.22457471073702895,-0.1811148289547287,-100.0,True
epsilon_000,0.0,0.2,avg_score_base,30,0.8683574311486135,0.903898344487438,0.03554091333882441,0.012123473333721376,0.03101393399718967,0.040067892680459155,4.092889870454957,True
epsilon_000,0.0,0.2,avg_score_final,30,0.867004064971656,0.9029932726304974,0.03598920765884119,0.012542141965292011,0.03130589488090986,0.040672520436772525,4.150984881485872,True
epsilon_000,0.0,0.2,avg_reputation_norm,30,0.886788285737318,0.9225880691635637,0.035799783426245665,0.017512624659208963,0.02926046190775581,0.04233910494473552,4.0370158246373355,True
epsilon_000,0.0,0.2,avg_energy_norm,30,0.8472172288274747,0.8762915123127135,0.029074283485238925,0.01700018040099849,0.022726311797511313,0.03542225517296654,3.4317389325848318,True
epsilon_000,0.0,0.2,avg_proximity_norm,30,0.8649231647264991,0.9065855041935397,0.041662339467040385,0.021463123260155845,0.03364787752770268,0.04967680140637809,4.816883298554593,True
epsilon_000,0.0,0.2,avg_distance,30,136.5846630802622,93.56341045421163,-43.02125262605059,22.203882087885464,-51.31231845752028,-34.7301867945809,-31.49786488163,True
epsilon_000,0.0,0.2,avg_energy,30,101.66606711003148,105.15498170808414,3.4889145980526717,2.0400210896932145,2.727158204045279,4.250670992060064,3.43173951469635,True
epsilon_000,0.0,0.2,avg_reputation,30,8.917952398398278,9.301750214967653,0.38379781656937856,0.20276566031225793,0.3080838746849731,0.459511758453784,4.303654016344691,True
epsilon_000,0.0,0.2,avg_utility,30,0.13905702141553103,0.14291588647714012,0.003858865061609087,0.011869325492300293,-0.0005732139163951979,0.008290944039613373,2.775023527994327,False
epsilon_000,0.0,0.2,unique_vehicles,30,44.53333333333333,41.9,-2.6333333333333333,2.882567501776646,-3.709701728116198,-1.5569649385504687,-5.91317365269461,True
epsilon_000,0.0,0.2,allocations_per_vehicle,30,1.1479501531530236,1.221751277912478,0.0738011247594542,0.07785632847474395,0.04472909392153042,0.10287315559737799,6.428948552926977,True
epsilon_000,0.0,0.2,cooldown_penalty_rate,30,0.004967316551018417,0.0035813761635645363,-0.0013859403874538806,0.009321218345202654,-0.004866540519614732,0.002094659744706971,-27.90118916761466,False
epsilon_010,0.1,0.2,request_allocation_rate,30,0.786024518101724,0.7865295686067745,0.0005050505050505046,0.002766275542955382,-0.0005278937586528799,0.001537994768753889,0.06425378514529889,False
epsilon_010,0.1,0.2,overall_eligibility_rate,30,0.4161528368059962,0.416157265307834,4.428501837831315e-06,2.425590352533296e-05,-4.628801391140441e-06,1.3485805066803072e-05,0.0010641527453671557,False
epsilon_010,0.1,0.2,exploration_rate,30,0.20284476984587882,0.10418177156593479,-0.09866299827994401,0.05073323296104556,-0.11760709880517674,-0.07971889775471129,-48.639656006367844,True
epsilon_010,0.1,0.2,avg_score_base,30,0.8683574311486135,0.8856344056719976,0.017276974523383927,0.010828556518694122,0.013233525067071615,0.02132042397969624,1.989615555029116,True
epsilon_010,0.1,0.2,avg_score_final,30,0.867004064971656,0.8839969543568963,0.016992889385240025,0.01185228192319197,0.012567174580533049,0.021418604189947,1.9599549842705486,True
epsilon_010,0.1,0.2,avg_reputation_norm,30,0.886788285737318,0.9037215057462008,0.0169332200088829,0.018478009495586995,0.010033417868156274,0.02383302214960953,1.9094997398171165,True
epsilon_010,0.1,0.2,avg_energy_norm,30,0.8472172288274747,0.863707387250095,0.016490158422620433,0.020226355940277874,0.008937512990267026,0.02404280385497384,1.9463908265229892,True
epsilon_010,0.1,0.2,avg_proximity_norm,30,0.8649231647264991,0.8834453041033975,0.01852213937689825,0.019149159923260866,0.011371725547790375,0.025672553206006123,2.141478010102245,True
epsilon_010,0.1,0.2,avg_distance,30,136.5846630802622,117.05164220256958,-19.533020877692646,19.65056393467992,-26.87066204165952,-12.195379713725771,-14.301035297216567,True
epsilon_010,0.1,0.2,avg_energy,30,101.66606711003148,103.64488757212901,1.9788204620975312,2.4271642518885677,1.0725024355224573,2.885138488672605,1.9463922608080104,True
epsilon_010,0.1,0.2,avg_reputation,30,8.917952398398278,9.101550627657401,0.1835982292591255,0.20255386022339983,0.1079633748276656,0.2592330836905854,2.058748702135919,True
epsilon_010,0.1,0.2,avg_utility,30,0.13905702141553103,0.14044087787852236,0.0013838564629913295,0.012001322365949176,-0.003097510957666331,0.00586522388364899,0.9951719437856218,False
epsilon_010,0.1,0.2,unique_vehicles,30,44.53333333333333,43.0,-1.5333333333333334,3.4314301163914385,-2.8146503966504577,-0.2520162700162092,-3.4431137724550855,True
epsilon_010,0.1,0.2,allocations_per_vehicle,30,1.1479501531530236,1.1903991151363125,0.04244896198328894,0.09242998206845665,0.007935039458486087,0.07696288450809179,3.6978053329838554,True
epsilon_010,0.1,0.2,cooldown_penalty_rate,30,0.004967316551018417,0.006115591315254848,0.0011482747642364316,0.008506399451035089,-0.002028066992495803,0.004324616520968666,23.11660133681249,False
epsilon_030,0.3,0.2,request_allocation_rate,30,0.786024518101724,0.7865295686067745,0.0005050505050505046,0.002766275542955382,-0.0005278937586528799,0.001537994768753889,0.06425378514529889,False
epsilon_030,0.3,0.2,overall_eligibility_rate,30,0.4161528368059962,0.416157265307834,4.428501837831315e-06,2.425590352533296e-05,-4.628801391140441e-06,1.3485805066803072e-05,0.0010641527453671557,False
epsilon_030,0.3,0.2,exploration_rate,30,0.20284476984587882,0.2932690274728286,0.09042425762694978,0.036316606367581,0.07686341394306674,0.10398510131083281,44.57805724823668,True
epsilon_030,0.3,0.2,avg_score_base,30,0.8683574311486135,0.85521505207085,-0.013142379077763578,0.010111762121053487,-0.01691817310720305,-0.009366585048324105,-1.5134757424001672,True
epsilon_030,0.3,0.2,avg_score_final,30,0.867004064971656,0.8527006685106289,-0.014303396461027277,0.009981856116437844,-0.018030682791141544,-0.010576110130913011,-1.6497496423496918,True
epsilon_030,0.3,0.2,avg_reputation_norm,30,0.886788285737318,0.8681999812811405,-0.0185883044561773,0.019058186359833966,-0.025704748198418816,-0.011471860713935784,-2.0961377991954797,True
epsilon_030,0.3,0.2,avg_energy_norm,30,0.8472172288274747,0.8432653152721404,-0.003951913555334215,0.022192306584072945,-0.012238657022644237,0.004334829911975808,-0.4664581196966033,False
epsilon_030,0.3,0.2,avg_proximity_norm,30,0.8649231647264991,0.8498515497049144,-0.015071615021584587,0.018317582115517757,-0.021911512594089334,-0.008231717449079839,-1.7425380237504187,True
epsilon_030,0.3,0.2,avg_distance,30,136.5846630802622,151.13078051280203,14.546117432539832,18.211105792559287,7.745978772447214,21.34625609263245,10.64989077433386,True
epsilon_030,0.3,0.2,avg_energy,30,101.66606711003148,101.1918384484646,-0.4742286615668822,2.663076760693778,-1.4686378666678208,0.5201805435340563,-0.4664571720411231,False
epsilon_030,0.3,0.2,avg_reputation,30,8.917952398398278,8.729373194193403,-0.18857920420487292,0.22050162497205847,-0.27091586413457264,-0.1062425442751732,-2.1146020496671887,True
epsilon_030,0.3,0.2,avg_utility,30,0.13905702141553103,0.13982162344218865,0.0007646020266576339,0.012932382174437589,-0.004064428840178422,0.00559363289349369,0.5498478385876218,False
epsilon_030,0.3,0.2,unique_vehicles,30,44.53333333333333,44.766666666666666,0.23333333333333334,2.555363977493473,-0.7208552575133167,1.1875219241799833,0.5239520958083854,False
epsilon_030,0.3,0.2,allocations_per_vehicle,30,1.1479501531530236,1.1408121713378214,-0.007137981815202147,0.06843352549295328,-0.03269148019426278,0.018415516563858484,-0.6218024184758042,False
epsilon_030,0.3,0.2,cooldown_penalty_rate,30,0.004967316551018417,0.008807755391252827,0.003840438840234411,0.010557840569735504,-0.00010192361941845996,0.007782801299887282,77.31415545576675,False
epsilon_050,0.5,0.2,request_allocation_rate,30,0.786024518101724,0.7865295686067745,0.0005050505050505046,0.002766275542955382,-0.0005278937586528799,0.001537994768753889,0.06425378514529889,False
epsilon_050,0.5,0.2,overall_eligibility_rate,30,0.4161528368059962,0.416157265307834,4.428501837831315e-06,2.425590352533296e-05,-4.628801391140441e-06,1.3485805066803072e-05,0.0010641527453671557,False
epsilon_050,0.5,0.2,exploration_rate,30,0.20284476984587882,0.48243599799837317,0.2795912281524944,0.06967741012417818,0.2535732556187153,0.30560920068627345,137.8350688385643,True
epsilon_050,0.5,0.2,avg_score_base,30,0.8683574311486135,0.8203031093382568,-0.048054321810356876,0.01492651084427163,-0.05362797255999423,-0.042480671060719524,-5.533933388097253,True
epsilon_050,0.5,0.2,avg_score_final,30,0.867004064971656,0.817032152127803,-0.04997191284385331,0.01563379370654342,-0.05580966735468678,-0.044134158333019834,-5.7637460841070824,True
epsilon_050,0.5,0.2,avg_reputation_norm,30,0.886788285737318,0.8412630542527366,-0.04552523148458138,0.023954143100517918,-0.05446985551909647,-0.03658060745006629,-5.133720440017944,True
epsilon_050,0.5,0.2,avg_energy_norm,30,0.8472172288274747,0.8121560662524604,-0.03506116257501426,0.019941201711799236,-0.04250732966853122,-0.027614995481497297,-4.138391121193089,True
epsilon_050,0.5,0.2,avg_proximity_norm,30,0.8649231647264991,0.8005035201003924,-0.06441964462610689,0.03581378854739795,-0.07779273305026224,-0.05104655620195153,-7.448019344756146,True
epsilon_050,0.5,0.2,avg_distance,30,136.5846630802622,200.55440098029263,63.96973790003041,36.66471166135381,50.278909563214626,77.6605662368462,46.83522765834949,True
epsilon_050,0.5,0.2,avg_energy,30,101.66606711003148,97.45872783939359,-4.207339270637875,2.3929447918549487,-5.100879540839847,-3.3137990004359033,-4.138390900952582,True
epsilon_050,0.5,0.2,avg_reputation,30,8.917952398398278,8.43625970114974,-0.4816926972485361,0.2647885694910277,-0.5805663740398844,-0.38281902045718774,-5.401382242576806,True
epsilon_050,0.5,0.2,avg_utility,30,0.13905702141553103,0.13273973412322,-0.006317287292311054,0.014285433624133018,-0.011651555873812825,-0.0009830187108092825,-4.542947366486217,True
epsilon_050,0.5,0.2,unique_vehicles,30,44.53333333333333,45.833333333333336,1.3,2.7810938061526596,0.2615225058826556,2.3384774941173445,2.9191616766467163,True
epsilon_050,0.5,0.2,allocations_per_vehicle,30,1.1479501531530236,1.11630878736725,-0.03164136578577381,0.07249391822250348,-0.05871103972769645,-0.004571691843851169,-2.7563362136296394,True
epsilon_050,0.5,0.2,cooldown_penalty_rate,30,0.004967316551018417,0.012037975265566355,0.0070706587145479395,0.01288716425350675,0.0022585124968789016,0.011882804932216978,142.34363044767676,True
epsilon_100,1.0,0.2,request_allocation_rate,30,0.786024518101724,0.786024518101724,0.0,0.0,0.0,0.0,0.0,False
epsilon_100,1.0,0.2,overall_eligibility_rate,30,0.4161528368059962,0.4161440867513084,-8.750054687841254e-06,4.7926023319344795e-05,-2.66459259056964e-05,9.145816530013892e-06,-0.002102606041321012,False
epsilon_100,1.0,0.2,exploration_rate,30,0.20284476984587882,1.0,0.7971552301541212,0.05819385048089674,0.775425289262971,0.8188851710452713,392.9878156384306,True
epsilon_100,1.0,0.2,avg_score_base,30,0.8683574311486135,0.7307671833184722,-0.1375902478301412,0.019082692803283192,-0.1447158424287568,-0.13046465323152562,-15.844886321539828,True
epsilon_100,1.0,0.2,avg_score_final,30,0.867004064971656,0.7247967602122826,-0.14220730475937357,0.020964865239834818,-0.15003571409623445,-0.1343788954225127,-16.40214971356824,True
epsilon_100,1.0,0.2,avg_reputation_norm,30,0.886788285737318,0.7528975975143616,-0.1338906882229564,0.029113651515256057,-0.14476190436218977,-0.12301947208372305,-15.098382598912362,True
epsilon_100,1.0,0.2,avg_energy_norm,30,0.8472172288274747,0.7377910070439095,-0.10942622178356519,0.024153658521528423,-0.11844534610066347,-0.10040709746646691,-12.915958040065837,True
epsilon_100,1.0,0.2,avg_proximity_norm,30,0.8649231647264991,0.6942361591530944,-0.17068700557340474,0.03789233826313198,-0.18483623721697198,-0.1565377739298375,-19.734354742062933,True
epsilon_100,1.0,0.2,avg_distance,30,136.5846630802622,308.86174917090096,172.2770860906388,38.299973922948276,157.97564079013472,186.57853139114286,126.13208701873238,True
epsilon_100,1.0,0.2,avg_energy,30,101.66606711003148,88.53492053855669,-13.131146571474808,2.898440230092811,-14.213441940418022,-12.048851202531594,-12.915958042581865,True
epsilon_100,1.0,0.2,avg_reputation,30,8.917952398398278,7.537284960359071,-1.3806674380392066,0.3044010446563186,-1.4943326561494523,-1.2670022199289608,-15.481888401727547,True
epsilon_100,1.0,0.2,avg_utility,30,0.13905702141553103,0.12414471314727364,-0.014912308268257402,0.010631351164510222,-0.01888212003511589,-0.010942496501398913,-10.72388011511935,True
epsilon_100,1.0,0.2,unique_vehicles,30,44.53333333333333,47.333333333333336,2.8,2.2803508501982757,1.9485029985744131,3.6514970014255868,6.287425149700608,True
epsilon_100,1.0,0.2,allocations_per_vehicle,30,1.1479501531530236,1.0785729068217027,-0.06937724633132088,0.058278897828766704,-0.09113894442408067,-0.04761554823856108,-6.043576556069575,True
epsilon_100,1.0,0.2,cooldown_penalty_rate,30,0.004967316551018417,0.02191048139823899,0.01694316484722057,0.01847154417624784,0.010045776896411287,0.02384055279802986,341.0929155249191,True
