experimento,seed,rng_scheme,lambda1,lambda2,lambda3,w1,w2,w3,epsilon,step,servico,active_vehicles,positive_utility,sufficient_energy,eligible,rejected_utility,rejected_energy,rejected_utility_only,rejected_energy_only,rejected_both,eligibility_rate,avg_utility,min_utility,max_utility
epsilon_030_seed_25,25,split_v1,0.5,0.3,0.2,0.4,0.3,0.3,0.3,20,Reencaminhamento de Dados (Edge Relay),17,0,17,0,17,0,17,0,0,0.0,-0.221445,-0.435226,-0.060964
epsilon_030_seed_25,25,split_v1,0.5,0.3,0.2,0.4,0.3,0.3,0.3,40,Reencaminhamento de Dados (Edge Relay),34,0,34,0,34,0,34,0,0,0.0,-0.213528,-0.442518,-0.040726
epsilon_030_seed_25,25,split_v1,0.5,0.3,0.2,0.4,0.3,0.3,0.3,60,Processamento de Imagem Urbana,51,47,51,47,4,0,4,0,0,0.921569,0.123447,-0.06061,0.279299
epsilon_030_seed_25,25,split_v1,0.5,0.3,0.2,0.4,0.3,0.3,0.3,80,Agregação de Dados de Sensores,66,4,66,4,62,0,62,0,0,0.060606,-0.133262,-0.342479,0.045047
epsilon_030_seed_25,25,split_v1,0.5,0.3,0.2,0.4,0.3,0.3,0.3,100,Processamento de Imagem Urbana,82,65,82,65,17,0,17,0,0,0.792683,0.094025,-0.13024,0.299126
epsilon_030_seed_25,25,split_v1,0.5,0.3,0.2,0.4,0.3,0.3,0.3,120,Reencaminhamento de Dados (Edge Relay),98,0,98,0,98,0,98,0,0,0.0,-0.241642,-0.46524,-0.041393
epsilon_030_seed_25,25,split_v1,0.5,0.3,0.2,0.4,0.3,0.3,0.3,140,Atualização de Modelos Locais (ML),112,112,112,112,0,0,0,0,0,1.0,0.300431,0.110395,0.491177
epsilon_030_seed_25,25,split_v1,0.5,0.3,0.2,0.4,0.3,0.3,0.3,160,Diagnóstico Veicular,118,36,118,36,82,0,82,0,0,0.305085,-0.059882,-0.246771,0.122125
epsilon_030_seed_25,25,split_v1,0.5,0.3,0.2,0.4,0.3,0.3,0.3,180,Atualização de Modelos Locais (ML),128,128,128,128,0,0,0,0,0,1.0,0.309353,0.099563,0.491972
epsilon_030_seed_25,25,split_v1,0.5,0.3,0.2,0.4,0.3,0.3,0.3,200,Diagnóstico Veicular,123,37,123,37,86,0,86,0,0,0.300813,-0.070224,-0.274905,0.120253
epsilon_030_seed_25,25,split_v1,0.5,0.3,0.2,0.4,0.3,0.3,0.3,220,Reencaminhamento de Dados (Edge Relay),132,0,132,0,132,0,132,0,0,0.0,-0.223886,-0.413421,-0.037739
epsilon_030_seed_25,25,split_v1,0.5,0.3,0.2,0.4,0.3,0.3,0.3,240,Atualização de Modelos Locais (ML),140,140,140,140,0,0,0,0,0,1.0,0.272705,0.054011,0.477108
epsilon_030_seed_25,25,split_v1,0.5,0.3,0.2,0.4,0.3,0.3,0.3,260,Atualização de Modelos Locais (ML),140,140,140,140,0,0,0,0,0,1.0,0.30998,0.069263,0.49917
epsilon_030_seed_25,25,split_v1,0.5,0.3,0.2,0.4,0.3,0.3,0.3,280,Agregação de Dados de Sensores,149,7,149,7,142,0,142,0,0,0.04698,-0.182286,-0.388361,0.05093
epsilon_030_seed_25,25,split_v1,0.5,0.3,0.2,0.4,0.3,0.3,0.3,300,Agregação de Dados de Sensores,148,19,148,19,129,0,129,0,0,0.128378,-0.119678,-0.31812,0.055385
epsilon_030_seed_25,25,split_v1,0.5,0.3,0.2,0.4,0.3,0.3,0.3,320,Processamento de Imagem Urbana,144,124,144,124,20,0,20,0,0,0.861111,0.117236,-0.104781,0.317414
epsilon_030_seed_25,25,split_v1,0.5,0.3,0.2,0.4,0.3,0.3,0.3,340,Reencaminhamento de Dados (Edge Relay),142,0,142,0,142,0,142,0,0,0.0,-0.258682,-0.473719,-0.046675
epsilon_030_seed_25,25,split_v1,0.5,0.3,0.2,0.4,0.3,0.3,0.3,360,Diagnóstico Veicular,151,29,151,29,122,0,122,0,0,0.192053,-0.103152,-0.322052,0.108385
epsilon_030_seed_25,25,split_v1,0.5,0.3,0.2,0.4,0.3,0.3,0.3,380,Diagnóstico Veicular,147,47,147,47,100,0,100,0,0,0.319728,-0.068908,-0.254844,0.130059
epsilon_030_seed_25,25,split_v1,0.5,0.3,0.2,0.4,0.3,0.3,0.3,400,Reencaminhamento de Dados (Edge Relay),149,0,149,0,149,0,149,0,0,0.0,-0.219499,-0.419645,-0.019014
epsilon_030_seed_25,25,split_v1,0.5,0.3,0.2,0.4,0.3,0.3,0.3,420,Atualização de Modelos Locais (ML),162,162,162,162,0,0,0,0,0,1.0,0.309391,0.093595,0.506774
epsilon_030_seed_25,25,split_v1,0.5,0.3,0.2,0.4,0.3,0.3,0.3,440,Processamento de Imagem Urbana,158,131,158,131,27,0,27,0,0,0.829114,0.113171,-0.112558,0.302613
epsilon_030_seed_25,25,split_v1,0.5,0.3,0.2,0.4,0.3,0.3,0.3,460,Processamento de Imagem Urbana,162,133,162,133,29,0,29,0,0,0.820988,0.11003,-0.084404,0.316057
epsilon_030_seed_25,25,split_v1,0.5,0.3,0.2,0.4,0.3,0.3,0.3,480,Agregação de Dados de Sensores,160,11,160,11,149,0,149,0,0,0.06875,-0.149054,-0.383869,0.045205
epsilon_030_seed_25,25,split_v1,0.5,0.3,0.2,0.4,0.3,0.3,0.3,500,Processamento de Imagem Urbana,160,135,160,135,25,0,25,0,0,0.84375,0.11271,-0.093416,0.298271
epsilon_030_seed_25,25,split_v1,0.5,0.3,0.2,0.4,0.3,0.3,0.3,520,Agregação de Dados de Sensores,155,8,155,8,147,0,147,0,0,0.051613,-0.155788,-0.344487,0.033413
epsilon_030_seed_25,25,split_v1,0.5,0.3,0.2,0.4,0.3,0.3,0.3,540,Diagnóstico Veicular,157,30,157,30,127,0,127,0,0,0.191083,-0.091332,-0.300717,0.129208
epsilon_030_seed_25,25,split_v1,0.5,0.3,0.2,0.4,0.3,0.3,0.3,560,Reencaminhamento de Dados (Edge Relay),144,0,144,0,144,0,144,0,0,0.0,-0.22414,-0.442856,-0.031923
epsilon_030_seed_25,25,split_v1,0.5,0.3,0.2,0.4,0.3,0.3,0.3,580,Reencaminhamento de Dados (Edge Relay),146,0,146,0,146,0,146,0,0,0.0,-0.234922,-0.451965,-0.039893
epsilon_030_seed_25,25,split_v1,0.5,0.3,0.2,0.4,0.3,0.3,0.3,600,Agregação de Dados de Sensores,152,10,152,10,142,0,142,0,0,0.065789,-0.158074,-0.366089,0.026059
epsilon_030_seed_25,25,split_v1,0.5,0.3,0.2,0.4,0.3,0.3,0.3,620,Diagnóstico Veicular,146,40,146,40,106,0,106,0,0,0.273973,-0.071834,-0.259269,0.114648
epsilon_030_seed_25,25,split_v1,0.5,0.3,0.2,0.4,0.3,0.3,0.3,640,Diagnóstico Veicular,149,47,149,47,102,0,102,0,0,0.315436,-0.066665,-0.260941,0.132883
epsilon_030_seed_25,25,split_v1,0.5,0.3,0.2,0.4,0.3,0.3,0.3,660,Diagnóstico Veicular,148,47,148,47,101,0,101,0,0,0.317568,-0.065415,-0.261704,0.111653
epsilon_030_seed_25,25,split_v1,0.5,0.3,0.2,0.4,0.3,0.3,0.3,680,Processamento de Imagem Urbana,148,117,148,117,31,0,31,0,0,0.790541,0.096465,-0.137149,0.283638
epsilon_030_seed_25,25,split_v1,0.5,0.3,0.2,0.4,0.3,0.3,0.3,700,Reencaminhamento de Dados (Edge Relay),153,0,153,0,153,0,153,0,0,0.0,-0.262265,-0.472149,-0.075831
epsilon_030_seed_25,25,split_v1,0.5,0.3,0.2,0.4,0.3,0.3,0.3,720,Diagnóstico Veicular,160,50,160,50,110,0,110,0,0,0.3125,-0.069734,-0.293288,0.125673
epsilon_030_seed_25,25,split_v1,0.5,0.3,0.2,0.4,0.3,0.3,0.3,740,Reencaminhamento de Dados (Edge Relay),163,0,163,0,163,0,163,0,0,0.0,-0.212039,-0.396419,-0.037354
epsilon_030_seed_25,25,split_v1,0.5,0.3,0.2,0.4,0.3,0.3,0.3,760,Processamento de Imagem Urbana,157,126,157,126,31,0,31,0,0,0.802548,0.107182,-0.088956,0.302375
epsilon_030_seed_25,25,split_v1,0.5,0.3,0.2,0.4,0.3,0.3,0.3,780,Reencaminhamento de Dados (Edge Relay),163,0,163,0,163,0,163,0,0,0.0,-0.209721,-0.428978,-0.023103
epsilon_030_seed_25,25,split_v1,0.5,0.3,0.2,0.4,0.3,0.3,0.3,800,Diagnóstico Veicular,155,49,155,49,106,0,106,0,0,0.316129,-0.059296,-0.282435,0.115849
epsilon_030_seed_25,25,split_v1,0.5,0.3,0.2,0.4,0.3,0.3,0.3,820,Agregação de Dados de Sensores,155,10,155,10,145,0,145,0,0,0.064516,-0.158287,-0.389317,0.056918
epsilon_030_seed_25,25,split_v1,0.5,0.3,0.2,0.4,0.3,0.3,0.3,840,Diagnóstico Veicular,148,49,148,49,99,0,99,0,0,0.331081,-0.068787,-0.295966,0.134908
epsilon_030_seed_25,25,split_v1,0.5,0.3,0.2,0.4,0.3,0.3,0.3,860,Reencaminhamento de Dados (Edge Relay),153,0,153,0,153,0,153,0,0,0.0,-0.214177,-0.42374,-0.023805
epsilon_030_seed_25,25,split_v1,0.5,0.3,0.2,0.4,0.3,0.3,0.3,880,Atualização de Modelos Locais (ML),150,150,150,150,0,0,0,0,0,1.0,0.307261,0.101284,0.504225
epsilon_030_seed_25,25,split_v1,0.5,0.3,0.2,0.4,0.3,0.3,0.3,900,Processamento de Imagem Urbana,155,125,155,125,30,0,30,0,0,0.806452,0.104892,-0.102087,0.300854
epsilon_030_seed_25,25,split_v1,0.5,0.3,0.2,0.4,0.3,0.3,0.3,920,Diagnóstico Veicular,152,44,152,44,108,0,108,0,0,0.289474,-0.074905,-0.286246,0.129319
epsilon_030_seed_25,25,split_v1,0.5,0.3,0.2,0.4,0.3,0.3,0.3,940,Diagnóstico Veicular,150,27,150,27,123,0,123,0,0,0.18,-0.107105,-0.312265,0.116673
epsilon_030_seed_25,25,split_v1,0.5,0.3,0.2,0.4,0.3,0.3,0.3,960,Atualização de Modelos Locais (ML),156,156,156,156,0,0,0,0,0,1.0,0.291654,0.065851,0.500794
epsilon_030_seed_25,25,split_v1,0.5,0.3,0.2,0.4,0.3,0.3,0.3,980,Reencaminhamento de Dados (Edge Relay),148,0,148,0,148,0,148,0,0,0.0,-0.261411,-0.463931,-0.029401
epsilon_030_seed_25,25,split_v1,0.5,0.3,0.2,0.4,0.3,0.3,0.3,1000,Agregação de Dados de Sensores,155,15,155,15,140,0,140,0,0,0.096774,-0.156854,-0.371696,0.04828
epsilon_030_seed_25,25,split_v1,0.5,0.3,0.2,0.4,0.3,0.3,0.3,1020,Diagnóstico Veicular,130,38,130,38,92,0,92,0,0,0.292308,-0.073091,-0.261314,0.124501
epsilon_030_seed_25,25,split_v1,0.5,0.3,0.2,0.4,0.3,0.3,0.3,1040,Diagnóstico Veicular,116,36,116,36,80,0,80,0,0,0.310345,-0.067742,-0.255038,0.107885
epsilon_030_seed_25,25,split_v1,0.5,0.3,0.2,0.4,0.3,0.3,0.3,1060,Processamento de Imagem Urbana,101,92,101,92,9,0,9,0,0,0.910891,0.117615,-0.065387,0.284733
epsilon_030_seed_25,25,split_v1,0.5,0.3,0.2,0.4,0.3,0.3,0.3,1080,Atualização de Modelos Locais (ML),91,91,91,91,0,0,0,0,0,1.0,0.283634,0.058715,0.479616
epsilon_030_seed_25,25,split_v1,0.5,0.3,0.2,0.4,0.3,0.3,0.3,1100,Atualização de Modelos Locais (ML),64,64,64,64,0,0,0,0,0,1.0,0.303094,0.132532,0.4706
epsilon_030_seed_25,25,split_v1,0.5,0.3,0.2,0.4,0.3,0.3,0.3,1120,Atualização de Modelos Locais (ML),53,53,53,53,0,0,0,0,0,1.0,0.291783,0.068261,0.471848
epsilon_030_seed_25,25,split_v1,0.5,0.3,0.2,0.4,0.3,0.3,0.3,1140,Reencaminhamento de Dados (Edge Relay),49,0,49,0,49,0,49,0,0,0.0,-0.233133,-0.423748,-0.035429
epsilon_030_seed_25,25,split_v1,0.5,0.3,0.2,0.4,0.3,0.3,0.3,1160,Processamento de Imagem Urbana,27,22,27,22,5,0,5,0,0,0.814815,0.117122,-0.052069,0.302593
epsilon_030_seed_25,25,split_v1,0.5,0.3,0.2,0.4,0.3,0.3,0.3,1180,Agregação de Dados de Sensores,24,1,24,1,23,0,23,0,0,0.041667,-0.175185,-0.348552,0.027556
epsilon_030_seed_25,25,split_v1,0.5,0.3,0.2,0.4,0.3,0.3,0.3,1200,Processamento de Imagem Urbana,16,14,16,14,2,0,2,0,0,0.875,0.086447,-0.088243,0.197243
epsilon_030_seed_25,25,split_v1,0.5,0.3,0.2,0.4,0.3,0.3,0.3,1220,Atualização de Modelos Locais (ML),14,14,14,14,0,0,0,0,0,1.0,0.292627,0.114627,0.406436
epsilon_030_seed_25,25,split_v1,0.5,0.3,0.2,0.4,0.3,0.3,0.3,1240,Reencaminhamento de Dados (Edge Relay),7,0,7,0,7,0,7,0,0,0.0,-0.151064,-0.245691,-0.04824
epsilon_030_seed_25,25,split_v1,0.5,0.3,0.2,0.4,0.3,0.3,0.3,1260,Processamento de Imagem Urbana,4,4,4,4,0,0,0,0,0,1.0,0.1873,0.131018,0.254633
epsilon_030_seed_25,25,split_v1,0.5,0.3,0.2,0.4,0.3,0.3,0.3,1280,Reencaminhamento de Dados (Edge Relay),3,0,3,0,3,0,3,0,0,0.0,-0.257137,-0.28866,-0.198682
