configuration,epsilon,seed,requests,vehicle_evaluations,allocations,request_allocation_rate,overall_eligibility_rate,mean_eligibility_rate,exploration_count,exploitation_count,exploration_rate,avg_score_base,avg_score_final,avg_reputation_norm,avg_energy_norm,avg_proximity_norm,avg_distance,avg_energy,avg_reputation,avg_utility,unique_vehicles,allocations_per_vehicle,cooldown_penalty_rate
epsilon_000,0.0,1,64,7629,46,0.71875,0.2972866692882422,0.315975703125,0,46,0.0,0.9079767608695654,0.9079767608695654,0.9129615434782608,0.9000337608695652,0.9092730869565218,90.72689599999998,108.00404658695652,9.191586891304347,0.12748913043478263,37,1.2432432432432432,0.0
epsilon_000,0.0,2,66,7664,51,0.7727272727272727,0.4421972860125261,0.4140110303030303,0,51,0.0,0.9134655098039215,0.9134655098039215,0.9369363921568629,0.8740020392156862,0.921634568627451,78.36538349019608,104.88024539215687,9.516392647058824,0.1331667843137255,40,1.275,0.0
epsilon_000,0.0,3,64,7598,56,0.875,0.5346143722032114,0.482337,0,56,0.0,0.9094454642857143,0.9094454642857143,0.9211428035714285,0.8925647142857143,0.9107296428571428,89.270399875,107.10776078571428,9.287371589285714,0.14591008928571428,46,1.2173913043478262,0.0
epsilon_000,0.0,4,64,7621,53,0.828125,0.5264400997244456,0.513469390625,0,53,0.0,0.9183455094339622,0.9183455094339622,0.9290176037735848,0.9096480377358491,0.9128138490566037,87.18619452830188,109.15776298113208,9.389275679245284,0.19821915094339623,44,1.2045454545454546,0.0
epsilon_000,0.0,5,68,7644,52,0.7647058823529411,0.39089481946624804,0.4021153088235294,0,52,0.0,0.8992283269230769,0.8992283269230769,0.9215238461538462,0.8537850000000001,0.9149443269230768,85.05567563461538,102.45420746153847,9.274678576923076,0.15899525,43,1.2093023255813953,0.0
epsilon_000,0.0,6,66,7527,58,0.8787878787878788,0.5759266640095656,0.5740576212121212,0,58,0.0,0.8901484310344827,0.8731690344827586,0.9350353275862069,0.8316051034482758,0.8888422413793102,111.15777462068965,99.79261874137931,9.429631500000003,0.18261167241379314,45,1.288888888888889,0.06896551724137931
epsilon_000,0.0,7,65,7605,50,0.7692307692307693,0.40828402366863903,0.45155046153846157,0,50,0.0,0.9125785000000001,0.9125785000000001,0.93998416,0.87052036,0.91809598,82.58092828000001,104.46244704,9.488582659999999,0.15658274000000003,39,1.2820512820512822,0.0
epsilon_000,0.0,8,64,7609,52,0.8125,0.4365882507556841,0.419443640625,0,52,0.0,0.9006837115384615,0.9006837115384615,0.9061240384615386,0.901106153846154,0.8930074615384616,106.99251328846154,108.13274107692307,9.127118461538462,0.12763632692307694,43,1.2093023255813953,0.0
epsilon_000,0.0,9,64,7571,48,0.75,0.3566239598467838,0.364492109375,0,48,0.0,0.9106259166666666,0.9106259166666666,0.9358263750000001,0.8692096666666668,0.9184416666666667,81.558329625,104.30515745833334,9.436163458333333,0.131186,37,1.2972972972972974,0.0
epsilon_000,0.0,10,64,7622,52,0.8125,0.4071109944896353,0.412598609375,0,52,0.0,0.8970779615384615,0.8970779615384615,0.9056645000000001,0.8826536923076923,0.9000534423076924,99.9465953076923,105.91843926923076,9.058366249999999,0.13380903846153844,46,1.1304347826086956,0.0
epsilon_000,0.0,11,66,7602,53,0.803030303030303,0.44711917916337807,0.4348023484848485,0,53,0.0,0.8962247547169812,0.8962247547169812,0.9268836037735849,0.8503819811320753,0.9011892830188678,98.81068192452828,102.04584007547172,9.340521584905662,0.15745137735849055,39,1.358974358974359,0.0
epsilon_000,0.0,12,63,7627,47,0.746031746031746,0.4233643634456536,0.4371732063492064,0,47,0.0,0.9025944468085109,0.9025944468085109,0.9129768085106381,0.8622822765957445,0.9290636808510638,70.93639408510639,103.47388151063828,9.162842234042552,0.1688824468085106,38,1.236842105263158,0.0
epsilon_000,0.0,13,66,7586,50,0.7575757575757576,0.36013709464803584,0.3534996212121212,0,50,0.0,0.89561054,0.89561054,0.91311264,0.87879936,0.8890859,110.91413742,105.45593016,9.24985632,0.13247908,40,1.25,0.0
epsilon_000,0.0,14,66,7645,51,0.7727272727272727,0.34414650098103333,0.34675089393939396,0,51,0.0,0.9065193529411766,0.9065193529411766,0.9156730196078431,0.8850284509803923,0.9158051568627452,84.19475674509803,106.2034124509804,9.228419647058825,0.12713839215686276,41,1.2439024390243902,0.0
epsilon_000,0.0,15,65,7601,49,0.7538461538461538,0.3783712669385607,0.3978349076923077,0,49,0.0,0.9043805510204082,0.9043805510204082,0.9208678775510203,0.8672281428571429,0.9195496734693878,80.45036653061226,104.06737579591835,9.228712,0.1342307755102041,43,1.1395348837209303,0.0
epsilon_000,0.0,16,66,7655,54,0.8181818181818182,0.4322664924885696,0.421533,0,54,0.0,0.9130052777777775,0.9130052777777775,0.9189492777777778,0.8990855185185184,0.9189997777777777,81.00019398148149,107.89025583333334,9.237394462962964,0.15016262962962965,46,1.173913043478261,0.0
epsilon_000,0.0,17,66,7585,49,0.7424242424242424,0.4134475939353988,0.39766277272727274,0,49,0.0,0.9089245510204081,0.9089245510204081,0.9169728979591837,0.8923971224489796,0.9147206734693878,85.2792418367347,107.08765538775509,9.216118448979593,0.15001010204081633,39,1.2564102564102564,0.0
epsilon_000,0.0,18,64,7619,50,0.78125,0.41265257907861924,0.42028726562499996,0,50,0.0,0.9126665799999999,0.9126665799999999,0.9304895000000001,0.88315584,0.9184132400000001,81.58669970000001,105.97869799999998,9.407330320000002,0.129162,39,1.2820512820512822,0.0
epsilon_000,0.0,19,63,7619,43,0.6825396825396826,0.37235857724110777,0.360232746031746,0,43,0.0,0.8973526744186047,0.8973526744186047,0.9173502790697675,0.879108930232558,0.8889329302325581,111.06703353488372,105.4930653488372,9.272738,0.12951374418604653,37,1.162162162162162,0.0
epsilon_000,0.0,20,63,7560,50,0.7936507936507936,0.46375661375661376,0.45757166666666665,0,50,0.0,0.9217034599999999,0.9217034599999999,0.92614624,0.91115828,0.9263246,73.67538574000001,109.33899803999999,9.30045536,0.14710252,40,1.25,0.0
epsilon_000,0.0,21,68,7618,53,0.7794117647058824,0.4814912050406931,0.4612286176470588,0,53,0.0,0.8914795094339623,0.8870478679245283,0.9209365283018869,0.8743173773584905,0.8693657735849057,132.4846645283019,104.91808279245282,9.235645490566036,0.1548201886792453,46,1.1521739130434783,0.018867924528301886
epsilon_000,0.0,22,66,7600,59,0.8939393939393939,0.3643421052631579,0.3636761515151515,0,59,0.0,0.883781813559322,0.883781813559322,0.9087931016949152,0.8506176949152542,0.8835976440677966,117.18202369491523,102.0741170677966,9.169787355932204,0.1057460847457627,48,1.2291666666666667,0.0
epsilon_000,0.0,23,64,7645,51,0.796875,0.43086984957488556,0.425624671875,0,51,0.0,0.8962083725490195,0.8962083725490195,0.9095266666666667,0.8682889803921569,0.9063697254901961,94.79091435294117,104.19468225490198,9.099214235294118,0.14211217647058821,47,1.0851063829787233,0.0
epsilon_000,0.0,24,64,7575,48,0.75,0.3684488448844884,0.333501,0,48,0.0,0.8915777500000001,0.8915777500000001,0.9118333541666667,0.8557893958333334,0.9003586458333332,99.64131518749998,102.69473597916668,9.278351229166667,0.11436833333333334,40,1.2,0.0
epsilon_000,0.0,25,64,7590,48,0.75,0.4,0.420970484375,0,48,0.0,0.9204979166666666,0.9204979166666666,0.9514307291666667,0.888392375,0.9113596666666667,88.64037641666665,106.60708447916666,9.660563250000001,0.1481463125,37,1.2972972972972974,0.0
epsilon_000,0.0,26,66,7530,51,0.7727272727272727,0.3823373173970784,0.38467583333333333,0,51,0.0,0.8932293137254901,0.8874881960784313,0.9420221372549019,0.8519925098039216,0.8694089803921569,130.5910581372549,102.23909276470589,9.548314470588236,0.1473456274509804,41,1.2439024390243902,0.0196078431372549
epsilon_000,0.0,27,65,7559,56,0.8615384615384616,0.38153194867045903,0.4048742923076923,0,56,0.0,0.8970660714285714,0.8970660714285714,0.911624625,0.866910375,0.9078100714285714,92.18988558928572,104.02925125,9.175722714285715,0.11461516071428572,51,1.0980392156862746,0.0
epsilon_000,0.0,28,65,7634,55,0.8461538461538461,0.4793031176316479,0.5251271846153845,0,55,0.0,0.9028377454545453,0.9028377454545453,0.9265699272727271,0.8795226363636363,0.8945097272727274,105.49026040000001,105.54271696363635,9.361069654545453,0.16041281818181816,47,1.1702127659574468,0.0
epsilon_000,0.0,29,64,7610,49,0.765625,0.41681997371879104,0.379674828125,0,49,0.0,0.9107508163265307,0.9107508163265307,0.9170756326530612,0.8951925510204082,0.917875836734694,82.12415997959184,107.42311008163264,9.225669510204082,0.13825791836734694,41,1.1951219512195121,0.0
epsilon_000,0.0,30,63,7534,47,0.746031746031746,0.3559861959118662,0.34814530158730156,0,47,0.0,0.9109627446808513,0.9109627446808513,0.9341906382978723,0.8639670425531915,0.9269878723404253,73.01207319148936,103.67603821276599,9.454612446808511,0.1399127234042553,37,1.2702702702702702,0.0
epsilon_010,0.1,1,64,7629,46,0.71875,0.2972866692882422,0.315975703125,2,44,0.043478260869565216,0.8920901521739132,0.8920901521739132,0.8894321304347825,0.8728198043478261,0.914904652173913,85.09530939130434,104.73838017391301,8.970112434782607,0.1392911739130435,38,1.2105263157894737,0.0
epsilon_010,0.1,2,66,7664,51,0.7727272727272727,0.4421972860125261,0.4140110303030303,7,44,0.13725490196078433,0.8993681372549018,0.8993681372549018,0.9314259803921568,0.866498117647059,0.8894943725490196,110.5056291764706,103.97978009803921,9.479207607843138,0.12421709803921567,38,1.3421052631578947,0.0
epsilon_010,0.1,3,64,7598,56,0.875,0.5346143722032114,0.482337,7,49,0.125,0.8867727142857144,0.8802944285714285,0.8863994107142857,0.8788896250000001,0.8951537678571428,104.84626630357143,105.46675830357142,8.890438285714286,0.1536836607142857,52,1.0769230769230769,0.017857142857142856
epsilon_010,0.1,4,64,7621,53,0.828125,0.5264400997244456,0.513469390625,3,50,0.05660377358490566,0.9022179811320754,0.9022179811320754,0.9211348679245283,0.8648009245283017,0.9144126415094339,85.58737696226414,103.77610862264152,9.312116641509434,0.18697347169811324,41,1.2926829268292683,0.0
epsilon_010,0.1,5,68,7644,52,0.7647058823529411,0.39089481946624804,0.4021153088235294,8,44,0.15384615384615385,0.877924826923077,0.8726588846153847,0.9034471153846154,0.8664427115384616,0.8553775384615384,144.62246371153844,103.97313040384614,9.068141865384616,0.13318178846153844,45,1.1555555555555554,0.019230769230769232
epsilon_010,0.1,6,66,7527,58,0.8787878787878788,0.5759266640095656,0.5740576212121212,7,51,0.1206896551724138,0.8718557068965518,0.8605459827586206,0.8984914655172415,0.8563758275862069,0.851821172413793,148.17884712068965,102.76510786206896,9.02955274137931,0.1631580862068966,50,1.16,0.05172413793103448
epsilon_010,0.1,7,65,7605,50,0.7692307692307693,0.40828402366863903,0.45155046153846157,3,47,0.06,0.88976792,0.88976792,0.91216182,0.8561876599999999,0.89348972,107.18717420000002,102.74252494000001,9.241529520000002,0.1612258,40,1.25,0.0
epsilon_010,0.1,8,64,7609,52,0.8125,0.4365882507556841,0.419443640625,4,48,0.07692307692307693,0.8839816538461539,0.8786438461538462,0.9202724230769234,0.846302826923077,0.8732727307692308,126.72731088461538,101.55634123076923,9.288994057692308,0.13468378846153847,43,1.2093023255813953,0.019230769230769232
epsilon_010,0.1,9,64,7571,48,0.75,0.3566239598467838,0.364492109375,5,43,0.10416666666666667,0.8880672500000001,0.8880672500000001,0.8826545000000001,0.8890742916666667,0.8942769583333333,105.72300504166668,106.68892120833334,8.879165166666667,0.11794479166666667,43,1.1162790697674418,0.0
epsilon_010,0.1,10,64,7622,52,0.8125,0.4071109944896353,0.412598609375,7,45,0.1346153846153846,0.8759967884615385,0.8759967884615385,0.8885281346153846,0.8722839807692309,0.8630010961538461,136.99895871153848,104.67407398076924,8.912771115384615,0.13698426923076923,46,1.1304347826086956,0.0
epsilon_010,0.1,11,66,7602,53,0.803030303030303,0.44711917916337807,0.4348023484848485,4,49,0.07547169811320754,0.880066245283019,0.880066245283019,0.9132849433962265,0.8356772264150945,0.8801638113207546,119.83623175471696,100.28126443396226,9.183669528301888,0.16686750943396225,39,1.358974358974359,0.0
epsilon_010,0.1,12,63,7627,47,0.746031746031746,0.4233643634456536,0.4371732063492064,10,37,0.2127659574468085,0.8707852978723403,0.8707852978723403,0.900556893617021,0.8312342765957444,0.8706408936170212,129.3591264893617,99.74811546808513,9.07399685106383,0.16157989361702124,39,1.205128205128205,0.0
epsilon_010,0.1,13,66,7586,50,0.7575757575757576,0.36013709464803584,0.3534996212121212,5,45,0.1,0.8891060199999999,0.88253182,0.90185266,0.8691492000000001,0.8920673600000001,107.93268647999999,104.2979054,9.08386496,0.13506598,42,1.1904761904761905,0.02
epsilon_010,0.1,14,66,7645,51,0.7727272727272727,0.34414650098103333,0.34675089393939396,7,44,0.13725490196078433,0.8869879019607843,0.8869879019607843,0.9018958627450979,0.8685770980392157,0.8855211764705884,114.47880462745098,104.22925682352943,9.066241078431371,0.10490260784313726,45,1.1333333333333333,0.0
epsilon_010,0.1,15,65,7601,49,0.7538461538461538,0.3783712669385607,0.3978349076923077,4,45,0.08163265306122448,0.8879762448979592,0.8879762448979592,0.8962618979591837,0.8778102653061225,0.8870944693877552,112.90558367346938,105.3372351632653,8.963999040816326,0.12841902040816325,44,1.1136363636363635,0.0
epsilon_010,0.1,16,66,7655,54,0.8181818181818182,0.4322664924885696,0.421533,3,51,0.05555555555555555,0.8975008703703705,0.8975008703703705,0.9120617962962965,0.8830812222222225,0.8925061296296296,107.49390762962963,105.96974542592595,9.168864962962964,0.1436778703703704,47,1.148936170212766,0.0
epsilon_010,0.1,17,66,7585,49,0.7424242424242424,0.4134475939353988,0.39766277272727274,4,45,0.08163265306122448,0.8874041632653061,0.8874041632653061,0.9138355918367347,0.8786511020408164,0.8609153061224489,139.08463789795917,105.43813046938776,9.217502591836734,0.1309773469387755,42,1.1666666666666667,0.0
epsilon_010,0.1,18,64,7619,50,0.78125,0.41265257907861924,0.42028726562499996,2,48,0.04,0.8986786400000001,0.8986786400000001,0.9069878999999998,0.8527554599999999,0.93352294,66.4769605,102.3306565,9.103145200000002,0.13361852000000002,41,1.2195121951219512,0.0
epsilon_010,0.1,19,63,7619,43,0.6825396825396826,0.37235857724110777,0.360232746031746,6,37,0.13953488372093023,0.8959711162790697,0.8959711162790697,0.9013244651162791,0.8882041860465116,0.8965999767441861,103.40001125581395,106.58449546511629,9.058299255813953,0.1481687906976744,39,1.1025641025641026,0.0
epsilon_010,0.1,20,63,7560,50,0.7936507936507936,0.46375661375661376,0.45757166666666665,5,45,0.1,0.8926033600000001,0.8926033600000001,0.8937553,0.8889053199999999,0.8947651000000001,107.78251861999999,106.66864019999998,8.972443259999999,0.15135903999999997,46,1.0869565217391304,0.0
epsilon_010,0.1,21,68,7618,53,0.7794117647058824,0.4814912050406931,0.4612286176470588,5,48,0.09433962264150944,0.876106962264151,0.8720265471698113,0.8922867358490564,0.870883641509434,0.859757679245283,142.09273079245284,104.50603073584905,8.97524766037736,0.16828464150943395,44,1.2045454545454546,0.018867924528301886
epsilon_010,0.1,22,66,7600,59,0.8939393939393939,0.3643421052631579,0.3636761515151515,7,52,0.11864406779661017,0.8701943389830508,0.8652437627118644,0.8990512881355932,0.8324863389830508,0.8694264237288136,130.5735122881356,99.8983603898305,9.086919322033896,0.11188906779661016,46,1.2826086956521738,0.01694915254237288
epsilon_010,0.1,23,64,7645,51,0.796875,0.43086984957488556,0.425624671875,5,46,0.09803921568627451,0.8813994901960785,0.8813994901960785,0.9164001960784315,0.8683359215686274,0.8477952549019608,154.77309560784315,104.20031935294116,9.19231768627451,0.12476529411764709,44,1.1590909090909092,0.0
epsilon_010,0.1,24,64,7575,48,0.75,0.3684488448844884,0.333501,7,41,0.14583333333333334,0.8739045000000001,0.8739045000000001,0.8959274791666667,0.838970125,0.8794749166666668,120.52514052083332,100.67641202083333,9.026417041666667,0.11013137499999999,42,1.1428571428571428,0.0
epsilon_010,0.1,25,64,7590,48,0.75,0.4,0.420970484375,5,43,0.10416666666666667,0.89591425,0.89591425,0.9166617083333334,0.8761558749999999,0.8880093749999999,111.99065202083334,105.13870458333334,9.325813645833334,0.15148308333333335,37,1.2972972972972974,0.0
epsilon_010,0.1,26,66,7530,51,0.7727272727272727,0.3823373173970784,0.38467583333333333,4,47,0.0784313725490196,0.8830515490196078,0.8779249607843138,0.9103073921568628,0.857148588235294,0.8726133725490196,127.38660864705881,102.85782752941176,9.149131176470588,0.13828654901960785,44,1.1590909090909092,0.0196078431372549
epsilon_010,0.1,27,65,7559,56,0.8615384615384616,0.38153194867045903,0.4048742923076923,7,49,0.125,0.8848102678571428,0.8848102678571428,0.8903743392857144,0.8681384821428572,0.8940634642857143,105.93650755357143,104.17661442857141,8.938884982142858,0.11573492857142857,49,1.1428571428571428,0.0
epsilon_010,0.1,28,65,7634,55,0.8461538461538461,0.4793031176316479,0.5251271846153845,4,51,0.07272727272727272,0.8815750545454545,0.8815750545454545,0.9028389090909092,0.8484491636363638,0.8863491636363635,113.65090978181819,101.8138964909091,9.073457581818182,0.1595974181818182,45,1.2222222222222223,0.0
epsilon_010,0.1,29,64,7610,49,0.765625,0.41681997371879104,0.379674828125,4,45,0.08163265306122448,0.8819704897959184,0.8819704897959184,0.9106998163265306,0.8583031632653061,0.8673320000000002,139.9329568367347,102.99638571428572,9.243730163265306,0.1447584285714286,39,1.2564102564102564,0.0
epsilon_010,0.1,30,63,7534,47,0.746031746031746,0.3559861959118662,0.34814530158730156,8,39,0.1702127659574468,0.8849822765957447,0.8849822765957447,0.9013321489361702,0.8486291914893618,0.8995356595744678,100.46434159574468,101.83550374468086,9.07054340425532,0.13231504255319146,40,1.175,0.0
epsilon_020,0.2,1,64,7629,46,0.71875,0.2972866692882422,0.315975703125,7,39,0.15217391304347827,0.8782097826086958,0.8782097826086958,0.8966260652173913,0.8498643043478262,0.8820003695652174,117.99959067391303,101.98372197826085,9.035720521739131,0.11864045652173916,37,1.2432432432432432,0.0
epsilon_020,0.2,2,66,7664,51,0.7727272727272727,0.4421972860125261,0.4140110303030303,9,42,0.17647058823529413,0.8805624901960784,0.8805624901960784,0.920515294117647,0.8477631176470587,0.8600912549019608,139.90872943137256,101.73157809803922,9.329953823529411,0.13385539215686273,46,1.108695652173913,0.0
epsilon_020,0.2,3,64,7598,56,0.875,0.5346143722032114,0.482337,8,48,0.14285714285714285,0.8777084642857143,0.8777084642857143,0.8745906964285715,0.8694122142857142,0.8901616964285715,109.83828769642858,104.32947073214287,8.772369357142857,0.1359425357142857,49,1.1428571428571428,0.0
epsilon_020,0.2,4,64,7621,53,0.828125,0.5264400997244456,0.513469390625,8,45,0.1509433962264151,0.8772536603773584,0.8772536603773584,0.8798868490566037,0.877214075471698,0.8737823018867925,126.21768332075469,105.26568252830188,8.832883679245285,0.1649361132075472,49,1.0816326530612246,0.0
epsilon_020,0.2,5,68,7644,52,0.7647058823529411,0.39089481946624804,0.4021153088235294,9,43,0.17307692307692307,0.8600334999999999,0.8600334999999999,0.8998481730769231,0.8339451346153844,0.8330358461538463,170.59526746153844,100.0734211923077,9.041139576923076,0.14376673076923074,47,1.1063829787234043,0.0
epsilon_020,0.2,6,66,7527,57,0.8636363636363636,0.5757938089544307,0.558906106060606,14,43,0.24561403508771928,0.8583402280701754,0.8489758245614035,0.8899205614035087,0.8256835789473684,0.8488897192982455,151.11026612280702,99.0820273859649,8.989680684210526,0.17249571929824564,47,1.2127659574468086,0.03508771929824561
epsilon_020,0.2,7,65,7605,50,0.7692307692307693,0.40828402366863903,0.45155046153846157,6,44,0.12,0.88476752,0.88476752,0.91169788,0.8696421999999999,0.8639858600000001,136.69108430000003,104.35706920000001,9.22549248,0.15153624000000002,41,1.2195121951219512,0.0
epsilon_020,0.2,8,64,7609,52,0.8125,0.4365882507556841,0.419443640625,7,45,0.1346153846153846,0.8707589423076925,0.8662779038461539,0.8976891346153847,0.8542747692307693,0.8513363653846154,158.06049117307688,102.51297334615384,9.069636461538462,0.12503190384615384,42,1.2380952380952381,0.019230769230769232
epsilon_020,0.2,9,64,7571,48,0.75,0.3566239598467838,0.364492109375,11,37,0.22916666666666666,0.8697041458333333,0.8697041458333333,0.8977196458333333,0.8284445625,0.87360975,131.91972425,99.41334516666666,9.042343375,0.11659518749999999,41,1.170731707317073,0.0
epsilon_020,0.2,10,64,7622,52,0.8125,0.4071109944896353,0.412598609375,13,39,0.25,0.8602858461538461,0.8602858461538461,0.8833837115384616,0.8334069423076922,0.856367673076923,144.3412833653846,100.00882863461537,8.87986426923077,0.1407516923076923,46,1.1304347826086956,0.0
epsilon_020,0.2,11,66,7602,53,0.803030303030303,0.44711917916337807,0.4348023484848485,14,39,0.2641509433962264,0.851535924528302,0.8453094528301888,0.8705887547169809,0.8502898301886793,0.8273782264150943,172.62178658490566,102.03477964150945,8.717200981132079,0.15290752830188675,48,1.1041666666666667,0.018867924528301886
epsilon_020,0.2,12,63,7627,47,0.746031746031746,0.4233643634456536,0.4371732063492064,11,36,0.23404255319148937,0.8569948085106381,0.8569948085106381,0.8800560212765958,0.8222190425531913,0.861022425531915,138.97761842553194,98.66629480851063,8.877834340425531,0.1543167659574468,39,1.205128205128205,0.0
epsilon_020,0.2,13,66,7586,50,0.7575757575757576,0.36013709464803584,0.3534996212121212,10,40,0.2,0.87055256,0.87055256,0.8987401399999999,0.85141582,0.8521061,147.8938313,102.16990278000002,9.0368624,0.13241542,42,1.1904761904761905,0.0
epsilon_020,0.2,14,66,7645,51,0.7727272727272727,0.34414650098103333,0.34675089393939396,18,33,0.35294117647058826,0.847834725490196,0.847834725490196,0.8546486862745096,0.8429526078431373,0.8436313921568629,156.36856874509803,101.15430843137256,8.564878431372549,0.11135317647058823,47,1.0851063829787233,0.0
epsilon_020,0.2,15,65,7601,49,0.7538461538461538,0.3783712669385607,0.3978349076923077,10,39,0.20408163265306123,0.854693306122449,0.8480786938775511,0.8553638979591838,0.8412238571428571,0.8672684081632652,133.68983628571428,100.94686063265306,8.553639306122449,0.1250234081632653,45,1.0888888888888888,0.02040816326530612
epsilon_020,0.2,16,66,7655,54,0.8181818181818182,0.4322664924885696,0.421533,5,49,0.09259259259259259,0.8899678148148149,0.8899678148148149,0.8953124814814815,0.8775470555555555,0.8952623333333334,104.73770635185184,105.30564777777779,9.020417629629627,0.13499185185185184,47,1.148936170212766,0.0
epsilon_020,0.2,17,66,7585,49,0.7424242424242424,0.4134475939353988,0.39766277272727274,13,36,0.2653061224489796,0.8429197755102041,0.8429197755102041,0.8478415102040817,0.8364658775510203,0.842811224489796,164.18506553061223,100.37590716326532,8.48987118367347,0.13827504081632655,45,1.0888888888888888,0.0
epsilon_020,0.2,18,64,7619,50,0.78125,0.41265257907861924,0.42028726562499996,5,45,0.1,0.8803150800000001,0.8803150800000001,0.9094954599999998,0.85073266,0.8709901800000001,129.00971878000001,102.08791897999998,9.186345079999999,0.14013808,40,1.25,0.0
epsilon_020,0.2,19,63,7619,43,0.6825396825396826,0.37235857724110777,0.360232746031746,11,32,0.2558139534883721,0.8686775116279069,0.8686775116279069,0.8715326976744187,0.8551839302325581,0.878364162790698,121.63579339534884,102.62206762790697,8.748208372093023,0.13486641860465115,38,1.131578947368421,0.0
epsilon_020,0.2,20,63,7560,50,0.7936507936507936,0.46375661375661376,0.45757166666666665,10,40,0.2,0.87449608,0.87449608,0.8900811999999999,0.8579525800000001,0.87025944,135.53598788000002,102.95430441999999,8.9326938,0.1758086,44,1.1363636363636365,0.0
epsilon_020,0.2,21,68,7618,53,0.7794117647058824,0.4814912050406931,0.4612286176470588,12,41,0.22641509433962265,0.8698620566037734,0.8666529999999999,0.8943414150943397,0.8618671132075472,0.8452178113207548,162.49106669811323,103.42404541509435,8.961052056603775,0.16194630188679246,46,1.1521739130434783,0.018867924528301886
epsilon_020,0.2,22,66,7600,59,0.8939393939393939,0.3643421052631579,0.3636761515151515,12,47,0.2033898305084746,0.8705285762711865,0.8654926440677967,0.8919781864406781,0.8434664915254237,0.8689911694915254,131.00877144067795,101.21598028813558,8.97446227118644,0.09829342372881354,51,1.1568627450980393,0.01694915254237288
epsilon_020,0.2,23,64,7645,51,0.796875,0.43086984957488556,0.425624671875,9,42,0.17647058823529413,0.877227843137255,0.877227843137255,0.8835596666666666,0.8594364509803921,0.8865767647058822,114.5838419607843,103.1323699607843,8.857976960784315,0.14818866666666666,43,1.186046511627907,0.0
epsilon_020,0.2,24,64,7575,48,0.75,0.3684488448844884,0.333501,10,38,0.20833333333333334,0.8542558958333334,0.8542558958333334,0.8640796041666666,0.836684375,0.8587291041666667,141.27085733333334,100.40212595833334,8.669742208333334,0.10890377083333334,44,1.0909090909090908,0.0
epsilon_020,0.2,25,64,7590,48,0.75,0.4,0.420970484375,11,37,0.22916666666666666,0.879389375,0.879389375,0.8926735833333334,0.8599307916666666,0.8811357291666667,118.86430210416667,103.19168718750001,8.956621395833332,0.1402910625,44,1.0909090909090908,0.0
epsilon_020,0.2,26,66,7530,51,0.7727272727272727,0.3823373173970784,0.38467583333333333,10,41,0.19607843137254902,0.8640145098039217,0.8583450392156864,0.8953016078431372,0.8165572549019607,0.8697557843137254,130.24420176470588,97.9868632745098,9.023388431372549,0.1384459803921569,46,1.108695652173913,0.0196078431372549
epsilon_020,0.2,27,65,7559,56,0.8615384615384616,0.38153194867045903,0.4048742923076923,12,44,0.21428571428571427,0.8621037321428572,0.8621037321428572,0.8704235892857143,0.8390110892857143,0.8741031071428571,128.56925441071428,100.68133271428572,8.718878875,0.13284933928571427,48,1.1666666666666667,0.0
epsilon_020,0.2,28,65,7634,55,0.8461538461538461,0.4793031176316479,0.5251271846153845,8,47,0.14545454545454545,0.888144490909091,0.888144490909091,0.9015457818181818,0.870882509090909,0.8875380545454545,112.46201610909092,104.50590147272727,9.032656200000003,0.16560334545454541,52,1.0576923076923077,0.0
epsilon_020,0.2,29,64,7610,49,0.765625,0.41681997371879104,0.379674828125,13,36,0.2653061224489796,0.8681432244897959,0.8681432244897959,0.906949,0.8323642244897959,0.8521813469387756,147.81872646938774,99.88370865306122,9.168192204081633,0.13960697959183674,43,1.1395348837209303,0.0
epsilon_020,0.2,30,63,7534,47,0.746031746031746,0.3559861959118662,0.34814530158730156,13,34,0.2765957446808511,0.861441063829787,0.861441063829787,0.8772572765957448,0.8206824042553192,0.8811113404255317,118.88853304255318,98.48188785106385,8.82856559574468,0.13393351063829786,39,1.205128205128205,0.0
epsilon_030,0.3,1,64,7629,46,0.71875,0.2972866692882422,0.315975703125,9,37,0.1956521739130435,0.8641191521739131,0.8641191521739131,0.8641185,0.8756771739130434,0.852561956521739,149.49719589130436,105.0812617173913,8.659788282608696,0.1109325,42,1.0952380952380953,0.0
epsilon_030,0.3,2,66,7664,51,0.7727272727272727,0.4421972860125261,0.4140110303030303,15,36,0.29411764705882354,0.8726258431372549,0.8726258431372549,0.9011966470588236,0.8437183921568627,0.8634385294117647,136.56151066666666,101.24621352941178,9.099705588235295,0.15936170588235293,44,1.1590909090909092,0.0
epsilon_030,0.3,3,64,7598,56,0.875,0.5346143722032114,0.482337,12,44,0.21428571428571427,0.8742553571428571,0.8742553571428571,0.8738181071428571,0.8600673214285715,0.889026142857143,110.97386132142856,103.20807512499998,8.801850267857143,0.14403830357142855,50,1.12,0.0
epsilon_030,0.3,4,64,7621,53,0.828125,0.5264400997244456,0.513469390625,14,39,0.2641509433962264,0.8689017547169812,0.8689017547169812,0.8752690377358492,0.8670951698113208,0.862218603773585,137.78135805660378,104.05142258490565,8.801520792452832,0.1754996037735849,47,1.127659574468085,0.0
epsilon_030,0.3,5,68,7644,52,0.7647058823529411,0.39089481946624804,0.4021153088235294,13,39,0.25,0.8596676730769232,0.8463268846153846,0.8829532692307692,0.8481496923076922,0.8401383461538463,159.86158736538457,101.77796851923078,8.86885051923077,0.13945440384615385,47,1.1063829787234043,0.038461538461538464
epsilon_030,0.3,6,66,7527,58,0.8787878787878788,0.5759266640095656,0.5740576212121212,20,38,0.3448275862068966,0.8267663793103448,0.8156085689655173,0.8327194137931035,0.8044687413793102,0.8411266034482758,158.87328872413792,96.53624850000001,8.387489793103448,0.1781584137931035,48,1.2083333333333333,0.05172413793103448
epsilon_030,0.3,7,65,7605,50,0.7692307692307693,0.40828402366863903,0.45155046153846157,8,42,0.16,0.8718971799999999,0.8718971799999999,0.8693137800000001,0.8638570200000001,0.88338194,117.29497316000001,103.66284609999998,8.70766192,0.14815882,43,1.1627906976744187,0.0
epsilon_030,0.3,8,64,7609,52,0.8125,0.4365882507556841,0.419443640625,16,36,0.3076923076923077,0.8515387115384614,0.8458948846153844,0.8829861923076923,0.8358201346153847,0.8253272500000002,176.23891126923078,100.29841709615386,8.88069476923077,0.13505990384615385,42,1.2380952380952381,0.019230769230769232
epsilon_030,0.3,9,64,7571,48,0.75,0.3566239598467838,0.364492109375,16,32,0.3333333333333333,0.8580488541666668,0.8580488541666668,0.8607079583333332,0.8626618541666667,0.8498905208333335,150.94721747916665,103.51942116666667,8.6274585,0.12119720833333332,45,1.0666666666666667,0.0
epsilon_030,0.3,10,64,7622,52,0.8125,0.4071109944896353,0.412598609375,20,32,0.38461538461538464,0.8471229423076923,0.8408682115384616,0.8695236346153847,0.8300483076923076,0.83433,169.70268836538463,99.60579578846152,8.710815423076925,0.14008,47,1.1063829787234043,0.019230769230769232
epsilon_030,0.3,11,66,7602,53,0.803030303030303,0.44711917916337807,0.4348023484848485,21,32,0.39622641509433965,0.8335564339622641,0.8335564339622641,0.8535669056603774,0.8131538301886794,0.827278641509434,172.72138011320754,97.57845935849056,8.570084358490565,0.14088181132075472,46,1.1521739130434783,0.0
epsilon_030,0.3,12,63,7627,47,0.746031746031746,0.4233643634456536,0.4371732063492064,12,35,0.2553191489361702,0.859368063829787,0.859368063829787,0.8591221489361701,0.8510551276595744,0.8680085531914894,131.99142591489365,102.12662434042554,8.591220595744682,0.14758817021276593,44,1.0681818181818181,0.0
epsilon_030,0.3,13,66,7586,50,0.7575757575757576,0.36013709464803584,0.3534996212121212,15,35,0.3,0.8583655,0.8583655,0.85314826,0.8566026600000001,0.86708484,132.91513680000003,102.7923298,8.553239600000001,0.11621437999999999,46,1.0869565217391304,0.0
epsilon_030,0.3,14,66,7645,51,0.7727272727272727,0.34414650098103333,0.34675089393939396,23,28,0.45098039215686275,0.8557688823529412,0.8498390392156863,0.8653305098039217,0.8667650980392158,0.8320236470588235,174.5946031960784,104.01180694117647,8.69780774509804,0.13330537254901964,45,1.1333333333333333,0.0196078431372549
epsilon_030,0.3,15,65,7601,49,0.7538461538461538,0.3783712669385607,0.3978349076923077,14,35,0.2857142857142857,0.8319120408163264,0.8264112653061224,0.8204440408163265,0.8317148571428572,0.8473999591836734,152.6000293877551,99.80578853061226,8.20444024489796,0.13274259183673467,45,1.0888888888888888,0.02040816326530612
epsilon_030,0.3,16,66,7655,54,0.8181818181818182,0.4322664924885696,0.421533,11,43,0.2037037037037037,0.8764656111111113,0.8764656111111113,0.8858912222222222,0.8680877222222223,0.8722759074074072,127.72409049999999,104.17052551851852,8.947911203703704,0.1464981851851852,44,1.2272727272727273,0.0
epsilon_030,0.3,17,66,7585,49,0.7424242424242424,0.4134475939353988,0.39766277272727274,17,32,0.3469387755102041,0.8397656122448979,0.8397656122448979,0.8610014081632654,0.8001711836734694,0.8510457755102042,155.95057528571428,96.02053659183673,8.620887612244898,0.14517814285714284,44,1.1136363636363635,0.0
epsilon_030,0.3,18,64,7619,50,0.78125,0.41265257907861924,0.42028726562499996,9,41,0.18,0.8769664399999999,0.8769664399999999,0.8984274200000002,0.8515423000000001,0.87377584,126.22423986,102.18507272,9.049856959999998,0.13745692,42,1.1904761904761905,0.0
epsilon_030,0.3,19,63,7619,43,0.6825396825396826,0.37235857724110777,0.360232746031746,15,28,0.3488372093023256,0.8414042325581395,0.8414042325581395,0.8503538372093024,0.8150116976744185,0.8558639767441865,144.1359341395349,97.8013998372093,8.528783953488372,0.1313314418604651,41,1.048780487804878,0.0
epsilon_030,0.3,20,63,7560,50,0.7936507936507936,0.46375661375661376,0.45757166666666665,14,36,0.28,0.8442348599999999,0.8442348599999999,0.85198344,0.83033918,0.8477992400000001,152.20075480000003,99.64069382000001,8.604674660000002,0.1631524,44,1.1363636363636365,0.0
epsilon_030,0.3,21,68,7618,53,0.7794117647058824,0.4814912050406931,0.4612286176470588,18,35,0.33962264150943394,0.8440108490566037,0.8332161320754715,0.874649,0.8399869811320756,0.8071839056603775,194.6664863207547,100.79843666037736,8.79269520754717,0.15749245283018867,46,1.1521739130434783,0.03773584905660377
epsilon_030,0.3,22,66,7600,59,0.8939393939393939,0.3643421052631579,0.3636761515151515,18,41,0.3050847457627119,0.8579276101694916,0.8519161186440678,0.8818184745762713,0.8311346101694914,0.8528661694915255,147.13387559322032,99.73615811864407,8.895702762711865,0.11487576271186442,47,1.2553191489361701,0.01694915254237288
epsilon_030,0.3,23,64,7645,51,0.796875,0.43086984957488556,0.425624671875,11,40,0.21568627450980393,0.8624762549019607,0.8624762549019607,0.8724284901960782,0.8506565098039216,0.8610264509803921,140.13417056862744,102.07878572549019,8.742321254901961,0.12031617647058825,45,1.1333333333333333,0.0
epsilon_030,0.3,24,64,7575,48,0.75,0.3684488448844884,0.333501,14,34,0.2916666666666667,0.8347209583333335,0.8347209583333335,0.8523980625000002,0.8350970208333335,0.8107752083333333,190.22414589583332,100.21164335416665,8.600222125,0.11522279166666667,43,1.1162790697674418,0.0
epsilon_030,0.3,25,64,7590,48,0.75,0.4,0.420970484375,12,36,0.25,0.8688341458333334,0.8688341458333334,0.8979545416666667,0.8397305833333334,0.859110625,140.88933716666665,100.76766552083332,9.119820645833334,0.15815677083333332,39,1.2307692307692308,0.0
epsilon_030,0.3,26,66,7530,51,0.7727272727272727,0.3823373173970784,0.38467583333333333,18,33,0.35294117647058826,0.8368964117647059,0.8312200588235295,0.8439155294117646,0.8583045490196077,0.8061294901960784,193.87052856862746,102.99654211764705,8.441634058823531,0.11729070588235295,48,1.0625,0.0196078431372549
epsilon_030,0.3,27,65,7559,56,0.8615384615384616,0.38153194867045903,0.4048742923076923,16,40,0.2857142857142857,0.8656985535714286,0.8656985535714286,0.8939290714285715,0.8387038750000001,0.855052482142857,147.61985908928574,100.64446667857143,9.027239535714285,0.11556523214285715,46,1.2173913043478262,0.0
epsilon_030,0.3,28,65,7634,55,0.8461538461538461,0.4793031176316479,0.5251271846153845,15,40,0.2727272727272727,0.8655094181818183,0.8655094181818183,0.8884286363636362,0.8361309090909091,0.8643291636363638,135.67092898181815,100.33571338181818,8.907768472727275,0.16847501818181815,51,1.0784313725490196,0.0
epsilon_030,0.3,29,64,7610,49,0.765625,0.41681997371879104,0.379674828125,16,33,0.32653061224489793,0.8576968571428571,0.8576968571428571,0.8691383673469387,0.8607780408163265,0.8393605306122449,160.6395552857143,103.29336969387755,8.776003632653062,0.1326024285714286,41,1.1951219512195121,0.0
epsilon_030,0.3,30,63,7534,47,0.746031746031746,0.3559861959118662,0.34814530158730156,17,30,0.3617021276595745,0.8499289787234043,0.8448078085106383,0.8594635319148937,0.8314289148936169,0.8557161914893616,144.28376561702126,99.77146461702131,8.663045340425532,0.14836108510638296,41,1.146341463414634,0.02127659574468085
epsilon_050,0.5,1,64,7629,46,0.71875,0.2972866692882422,0.315975703125,18,28,0.391304347826087,0.8406091304347826,0.8406091304347826,0.8493983478260867,0.8263203695652174,0.8431789130434784,156.82105495652172,99.15844986956519,8.507100826086957,0.1229203043478261,42,1.0952380952380953,0.0
epsilon_050,0.5,2,66,7664,51,0.7727272727272727,0.4421972860125261,0.4140110303030303,23,28,0.45098039215686275,0.8373800784313725,0.8373800784313725,0.837859843137255,0.8198376470588236,0.8542826666666666,145.71729027450982,98.38051580392157,8.394527666666667,0.15136911764705882,49,1.0408163265306123,0.0
epsilon_050,0.5,3,64,7598,56,0.875,0.5346143722032114,0.482337,21,35,0.375,0.8398412857142857,0.8398412857142857,0.8694934107142858,0.8102081785714285,0.8299382678571429,170.06171801785715,97.22498308928571,8.711819732142857,0.139359,52,1.0769230769230769,0.0
epsilon_050,0.5,4,64,7621,53,0.828125,0.5264400997244456,0.513469390625,25,28,0.4716981132075472,0.8327993962264151,0.8264726226415094,0.8648074150943397,0.834304037735849,0.7886172641509434,212.91361735849057,100.11648549056603,8.658384943396225,0.19898898113207544,50,1.06,0.018867924528301886
epsilon_050,0.5,5,68,7644,52,0.7647058823529411,0.39089481946624804,0.4021153088235294,23,29,0.4423076923076923,0.808860307692308,0.8034991346153848,0.8124855961538462,0.8029208461538462,0.8099657692307692,192.02624301923078,96.35050717307693,8.144445461538462,0.13966126923076924,48,1.0833333333333333,0.019230769230769232
epsilon_050,0.5,6,66,7527,58,0.8787878787878788,0.5759266640095656,0.5740576212121212,30,28,0.5172413793103449,0.7963945862068965,0.7849446206896551,0.8349783793103449,0.804781551724138,0.736562396551724,264.51317036206893,96.57378018965517,8.3656385,0.16277739655172413,52,1.1153846153846154,0.05172413793103448
epsilon_050,0.5,7,65,7605,50,0.7692307692307693,0.40828402366863903,0.45155046153846157,13,37,0.26,0.8510114400000001,0.8510114400000001,0.8750220999999999,0.8249153800000001,0.8450933400000001,155.58355602,98.98984258,8.776111559999999,0.13233654,40,1.25,0.0
epsilon_050,0.5,8,64,7609,52,0.8125,0.4365882507556841,0.419443640625,24,28,0.46153846153846156,0.8427125,0.8427125,0.8802520576923077,0.8170186538461539,0.818353423076923,183.05637876923078,98.04224151923077,8.872375173076923,0.13073534615384613,46,1.1304347826086956,0.0
epsilon_050,0.5,9,64,7571,48,0.75,0.3566239598467838,0.364492109375,21,27,0.4375,0.8428024583333333,0.8428024583333333,0.8577266041666668,0.8218989375,0.8438069791666667,156.19300064583334,98.6278709375,8.600351833333333,0.11982258333333333,42,1.1428571428571428,0.0
epsilon_050,0.5,10,64,7622,52,0.8125,0.4071109944896353,0.412598609375,29,23,0.5576923076923077,0.820814846153846,0.8078817884615384,0.8499335384615384,0.8214426730769229,0.7813620961538461,218.6379607307692,98.57311790384617,8.502413865384618,0.11680653846153846,44,1.1818181818181819,0.038461538461538464
epsilon_050,0.5,11,66,7602,53,0.803030303030303,0.44711917916337807,0.4348023484848485,32,21,0.6037735849056604,0.7933548867924527,0.7933548867924527,0.8247416037735849,0.7827374905660377,0.7621232075471698,242.87571228301886,93.92849796226417,8.260081679245282,0.11762045283018867,50,1.06,0.0
epsilon_050,0.5,12,63,7627,47,0.746031746031746,0.4233643634456536,0.4371732063492064,22,25,0.46808510638297873,0.8218944680851065,0.8218944680851065,0.824228319148936,0.8110747446808512,0.829602319148936,170.39769687234048,97.32896874468084,8.242283872340426,0.161989914893617,43,1.0930232558139534,0.0
epsilon_050,0.5,13,66,7586,50,0.7575757575757576,0.36013709464803584,0.3534996212121212,23,27,0.46,0.8164328399999999,0.8164328399999999,0.82167106,0.8204963000000001,0.8053851000000001,194.61488774,98.4595524,8.24311934,0.12266216000000002,45,1.1111111111111112,0.0
epsilon_050,0.5,14,66,7645,51,0.7727272727272727,0.34414650098103333,0.34675089393939396,32,19,0.6274509803921569,0.806026431372549,0.7991604117647058,0.8150411960784313,0.8110526078431373,0.7889807647058824,211.01917996078427,97.32631296078432,8.15666080392157,0.10323060784313727,47,1.0851063829787233,0.0196078431372549
epsilon_050,0.5,15,65,7601,49,0.7538461538461538,0.3783712669385607,0.3978349076923077,25,24,0.5102040816326531,0.8022654897959185,0.7973808775510204,0.8394332857142858,0.767237693877551,0.7877362653061223,218.49694136734692,92.06851634693878,8.418353265306122,0.13020126530612244,41,1.1951219512195121,0.02040816326530612
epsilon_050,0.5,16,66,7655,54,0.8181818181818182,0.4322664924885696,0.421533,28,26,0.5185185185185185,0.8063534259259258,0.8006050185185184,0.8358087222222221,0.8226433148148148,0.7507897222222222,249.21030585185179,98.71719727777779,8.413896351851852,0.12304722222222221,44,1.2272727272727273,0.018518518518518517
epsilon_050,0.5,17,66,7585,49,0.7424242424242424,0.4134475939353988,0.39766277272727274,26,23,0.5306122448979592,0.8088018163265305,0.8088018163265305,0.8474172653061225,0.8011286530612245,0.7649874489795919,235.01252693877552,96.13544257142858,8.503709408163266,0.12256563265306121,46,1.065217391304348,0.0
epsilon_050,0.5,18,64,7619,50,0.78125,0.41265257907861924,0.42028726562499996,21,29,0.42,0.82979698,0.8257323,0.8535174199999999,0.8227918000000001,0.8051746200000001,194.82532804,98.73501585999999,8.567675119999999,0.11671329999999999,44,1.1363636363636365,0.02
epsilon_050,0.5,19,63,7619,43,0.6825396825396826,0.37235857724110777,0.360232746031746,25,18,0.5813953488372093,0.8045494418604654,0.7988584418604653,0.8231565348837209,0.8256883255813953,0.7586009069767443,241.39904732558136,99.0825998604651,8.237221046511628,0.12565758139534883,39,1.1025641025641026,0.023255813953488372
epsilon_050,0.5,20,63,7560,50,0.7936507936507936,0.46375661375661376,0.45757166666666665,23,27,0.46,0.8327975199999998,0.82677278,0.8365203800000001,0.83005218,0.83057892,169.63325498000003,99.60625852000001,8.415563420000002,0.16927758,44,1.1363636363636365,0.02
epsilon_050,0.5,21,68,7618,53,0.7794117647058824,0.4814912050406931,0.4612286176470588,27,26,0.5094339622641509,0.7958646792452831,0.7927269245283021,0.8282400754716979,0.8064525283018869,0.7421095471698114,262.6329864150943,96.77430469811321,8.298883679245282,0.1566542075471698,51,1.0392156862745099,0.018867924528301886
epsilon_050,0.5,22,66,7600,59,0.8939393939393939,0.3643421052631579,0.3636761515151515,33,26,0.559322033898305,0.8124902033898307,0.8047001525423729,0.8235158474576272,0.7791831016949151,0.8310965423728814,169.68311966101695,93.50197510169492,8.244511881355933,0.0972737966101695,54,1.0925925925925926,0.03389830508474576
epsilon_050,0.5,23,64,7645,51,0.796875,0.43086984957488556,0.425624671875,15,36,0.29411764705882354,0.840798,0.840798,0.846472431372549,0.8195826666666667,0.854447274509804,146.71335447058823,98.34992296078433,8.484898235294116,0.13752472549019606,44,1.1590909090909092,0.0
epsilon_050,0.5,24,64,7575,48,0.75,0.3684488448844884,0.333501,24,24,0.5,0.8093336666666667,0.8023279375,0.8409453125,0.7958332083333334,0.780685375,219.31466802083332,95.49998272916666,8.422208791666668,0.11568229166666666,45,1.0666666666666667,0.020833333333333332
epsilon_050,0.5,25,64,7590,48,0.75,0.4,0.420970484375,20,28,0.4166666666666667,0.8311455000000002,0.8311455000000002,0.8397637916666666,0.8377191666666666,0.8130809791666668,186.91908041666667,100.52629645833333,8.414892520833334,0.139111,44,1.0909090909090908,0.0
epsilon_050,0.5,26,66,7530,51,0.7727272727272727,0.3823373173970784,0.38467583333333333,30,21,0.5882352941176471,0.8021086274509803,0.7965009999999999,0.8243667843137255,0.8100009215686272,0.7645389607843137,238.39200676470588,97.20010443137254,8.25892968627451,0.10550315686274511,47,1.0851063829787233,0.0196078431372549
epsilon_050,0.5,27,65,7559,56,0.8615384615384616,0.38153194867045903,0.4048742923076923,31,25,0.5535714285714286,0.8266147678571427,0.8213776428571428,0.8695023571428572,0.8072212857142856,0.7888248928571429,214.30466082142857,96.86655530357143,8.807197071428572,0.11768192857142856,42,1.3333333333333333,0.017857142857142856
epsilon_050,0.5,28,65,7634,55,0.8461538461538461,0.4793031176316479,0.5251271846153845,29,26,0.5272727272727272,0.8056610363636365,0.8056610363636365,0.8551035454545455,0.794979,0.7504198909090912,250.4449363272727,95.39747725454546,8.574062345454546,0.15711883636363633,50,1.1,0.0
epsilon_050,0.5,29,64,7610,49,0.765625,0.41681997371879104,0.379674828125,24,25,0.4897959183673469,0.8188769591836735,0.8188769591836735,0.8271810408163266,0.8236735102040816,0.8030083877551021,196.99168657142857,98.84083269387756,8.278478081632652,0.12135026530612243,46,1.065217391304348,0.0
epsilon_050,0.5,30,63,7534,47,0.746031746031746,0.3559861959118662,0.34814530158730156,23,24,0.48936170212765956,0.8307005106382978,0.8307005106382978,0.8293073617021275,0.8114852127659573,0.8517733617021277,148.2266584255319,97.3782264893617,8.311994872340424,0.12654902127659576,44,1.0681818181818181,0.0
epsilon_100,1.0,1,64,7629,46,0.71875,0.2972866692882422,0.315975703125,46,0,1.0,0.7539210217391303,0.7475633043478261,0.7824758478260868,0.758576652173913,0.7111924782608695,288.80759780434784,91.0291985217391,7.851778413043478,0.10162747826086957,43,1.069767441860465,0.021739130434782608
epsilon_100,1.0,2,66,7664,51,0.7727272727272727,0.4421972860125261,0.4140110303030303,51,0,1.0,0.7276263921568628,0.7276263921568628,0.7376712549019608,0.7355063725490195,0.7063533333333334,293.6466234117647,88.26076468627453,7.376712705882353,0.12641617647058825,49,1.0408163265306123,0.0
epsilon_100,1.0,3,64,7598,56,0.875,0.5346143722032114,0.482337,56,0,1.0,0.719029625,0.70495575,0.7012375000000001,0.7390845357142857,0.7226973571428571,277.30264928571427,88.69014796428571,7.012375428571429,0.130560125,52,1.0769230769230769,0.05357142857142857
epsilon_100,1.0,4,64,7621,53,0.828125,0.5264400997244456,0.513469390625,53,0,1.0,0.7320516415094337,0.7320516415094337,0.7482848301886793,0.7409993773584908,0.7014597735849059,298.70368975471695,88.91991239622641,7.487645773584906,0.17523750943396227,51,1.0392156862745099,0.0
epsilon_100,1.0,5,68,7644,52,0.7647058823529411,0.39089481946624804,0.4021153088235294,52,0,1.0,0.7015344423076922,0.6970794807692309,0.7385012884615385,0.704906403846154,0.6488733846153847,360.59591001923076,84.58877357692307,7.385012673076923,0.13363336538461537,48,1.0833333333333333,0.019230769230769232
epsilon_100,1.0,6,66,7527,57,0.8636363636363636,0.5757938089544307,0.558906106060606,57,0,1.0,0.737595,0.7281726315789474,0.7713467368421052,0.7243954035087719,0.7057925263157895,302.5085040175438,86.92744689473683,7.739909070175439,0.16318607017543862,53,1.0754716981132075,0.03508771929824561
epsilon_100,1.0,7,65,7605,50,0.7692307692307693,0.40828402366863903,0.45155046153846157,50,0,1.0,0.7472336399999999,0.7472336399999999,0.7931857800000001,0.7424723999999999,0.69072544,309.95150521999994,89.09669054000001,7.937860000000001,0.12070049999999999,47,1.0638297872340425,0.0
epsilon_100,1.0,8,64,7609,52,0.8125,0.4365882507556841,0.419443640625,52,0,1.0,0.7254706538461537,0.7208133269230769,0.7201056923076924,0.7730718461538462,0.6850228846153847,318.44557917307696,92.76862211538462,7.201056653846153,0.1064828076923077,50,1.04,0.019230769230769232
epsilon_100,1.0,9,64,7571,48,0.75,0.3566239598467838,0.364492109375,48,0,1.0,0.7335742083333333,0.7278418333333333,0.7640151875000001,0.7280176666666667,0.6985429166666668,301.4570647916667,87.36211827083332,7.640151562499999,0.10523075,45,1.0666666666666667,0.020833333333333332
epsilon_100,1.0,10,64,7622,52,0.8125,0.4071109944896353,0.412598609375,52,0,1.0,0.7478483461538462,0.7478483461538462,0.7509737500000001,0.7752972307692307,0.7162321730769231,287.1414967115384,93.03567105769228,7.527757865384615,0.12027401923076922,51,1.0196078431372548,0.0
epsilon_100,1.0,11,66,7602,53,0.803030303030303,0.44711917916337807,0.4348023484848485,53,0,1.0,0.7243701698113207,0.7190816792452829,0.7324949245283019,0.7112468301886792,0.7266604339622641,273.3395566981132,85.34961949056604,7.324949320754718,0.1293263962264151,48,1.1041666666666667,0.018867924528301886
epsilon_100,1.0,12,63,7627,47,0.746031746031746,0.4233643634456536,0.4371732063492064,47,0,1.0,0.7191870638297873,0.7068729574468084,0.7947436808510638,0.7180701276595743,0.6195616808510638,383.79274948936177,86.16841480851063,7.955752680851063,0.1267308085106383,44,1.0681818181818181,0.0425531914893617
epsilon_100,1.0,13,66,7586,50,0.7575757575757576,0.36013709464803584,0.3534996212121212,50,0,1.0,0.74843968,0.7435927600000001,0.7300576,0.7457824200000001,0.77560642,228.31261894,89.49389858000002,7.300575880000001,0.12568136000000002,47,1.0638297872340425,0.02
epsilon_100,1.0,14,66,7645,51,0.7727272727272727,0.34414650098103333,0.34675089393939396,51,0,1.0,0.7539553921568628,0.7539553921568628,0.7743053725490195,0.7860824705882353,0.6946948823529412,306.2330543529411,94.32988954901963,7.743054509803922,0.1147180392156863,48,1.0625,0.0
epsilon_100,1.0,15,65,7601,49,0.7538461538461538,0.3783712669385607,0.3978349076923077,49,0,1.0,0.7178431632653062,0.7059700408163265,0.7302521020408164,0.720969387755102,0.6981718571428571,305.30260914285714,86.51632706122449,7.302520530612245,0.12232814285714284,43,1.1395348837209303,0.04081632653061224
epsilon_100,1.0,16,66,7655,54,0.8181818181818182,0.4322664924885696,0.421533,54,0,1.0,0.7006537962962963,0.691244351851852,0.7072264814814815,0.723828537037037,0.6687154074074074,331.52514272222226,86.85941812962965,7.072265296296297,0.1194404814814815,50,1.08,0.037037037037037035
epsilon_100,1.0,17,66,7585,49,0.7424242424242424,0.4134475939353988,0.39766277272727274,49,0,1.0,0.7114119183673467,0.7114119183673467,0.7608674693877551,0.7213731224489796,0.6355099591836735,375.55054181632653,86.5647774489796,7.608673979591837,0.11990567346938774,48,1.0208333333333333,0.0
epsilon_100,1.0,18,64,7619,50,0.78125,0.412390077437984,0.41542615625,50,0,1.0,0.73241186,0.7221557399999999,0.7574207,0.7173575799999999,0.7141211599999999,285.87886772,86.08290416,7.586818480000001,0.125721,43,1.1627906976744187,0.04
epsilon_100,1.0,19,63,7619,43,0.6825396825396826,0.37235857724110777,0.360232746031746,43,0,1.0,0.7170505813953487,0.7105724883720931,0.7199565581395349,0.7529929534883721,0.6772337674418605,322.7662129534884,90.35915437209302,7.199565511627907,0.1299617906976744,38,1.131578947368421,0.023255813953488372
epsilon_100,1.0,20,63,7560,50,0.7936507936507936,0.46375661375661376,0.45757166666666665,50,0,1.0,0.75072996,0.7398198,0.7846025200000001,0.76200448,0.6942917799999999,305.70820783999994,91.44053758000001,7.84602528,0.14256915999999997,47,1.0638297872340425,0.04
epsilon_100,1.0,21,68,7618,53,0.7794117647058824,0.4814912050406931,0.4612286176470588,53,0,1.0,0.7165702264150944,0.7079479433962264,0.7376106226415093,0.7486122452830188,0.6564743962264151,350.1884163962264,89.83347786792453,7.376105792452831,0.13785643396226416,49,1.0816326530612246,0.03773584905660377
epsilon_100,1.0,22,66,7600,59,0.8939393939393939,0.3643421052631579,0.3636761515151515,59,0,1.0,0.747534372881356,0.7275789830508473,0.7587584237288135,0.722729661016949,0.7573735254237288,249.53265779661015,86.72755584745762,7.599976457627119,0.10102550847457628,51,1.1568627450980393,0.06779661016949153
epsilon_100,1.0,23,64,7645,51,0.796875,0.43086984957488556,0.425624671875,51,0,1.0,0.7142072941176472,0.7015293529411765,0.7641592352941177,0.7147671764705881,0.6470447647058825,362.054369882353,85.77205476470589,7.658979999999999,0.12679727450980394,44,1.1590909090909092,0.0392156862745098
epsilon_100,1.0,24,64,7575,48,0.75,0.3684488448844884,0.333501,48,0,1.0,0.7204795416666667,0.7204795416666667,0.7541233125,0.7322395416666666,0.6638613125,342.18236974999996,87.8687455625,7.5672078958333335,0.09284472916666665,46,1.0434782608695652,0.0
epsilon_100,1.0,25,64,7590,48,0.75,0.4,0.420970484375,48,0,1.0,0.7325842291666667,0.7325842291666667,0.76056925,0.7369366875000001,0.6909181041666667,310.09564266666666,88.43240222916667,7.623609729166667,0.12345314583333333,46,1.0434782608695652,0.0
epsilon_100,1.0,26,66,7530,51,0.7727272727272727,0.3823373173970784,0.38467583333333333,51,0,1.0,0.747854137254902,0.7426212549019608,0.7542171176470589,0.7530853333333333,0.7341387647058824,265.86123939215685,90.3702342352941,7.542171450980391,0.11996980392156864,48,1.0625,0.0196078431372549
epsilon_100,1.0,27,65,7559,56,0.8615384615384616,0.38153194867045903,0.4048742923076923,56,0,1.0,0.7234820535714286,0.7234820535714286,0.7258377321428571,0.7325332142857144,0.7112902678571429,298.7919956250001,87.90398508928571,7.289776625,0.10096594642857142,52,1.0769230769230769,0.0
epsilon_100,1.0,28,65,7634,55,0.8461538461538461,0.4793031176316479,0.5251271846153845,55,0,1.0,0.7376059454545454,0.731951,0.7891488363636363,0.7475107818181816,0.6589772727272728,345.7222158000001,89.7012975090909,7.903335545454545,0.1517649818181818,51,1.0784313725490196,0.01818181818181818
epsilon_100,1.0,29,64,7610,49,0.765625,0.41681997371879104,0.379674828125,49,0,1.0,0.7266581428571428,0.7266581428571428,0.757159224489796,0.7270248571428571,0.6856233673469389,314.3766961020408,87.24298959183672,7.598411081632654,0.11268746938775512,45,1.0888888888888888,0.0
epsilon_100,1.0,30,63,7534,47,0.746031746031746,0.3559861959118662,0.34814530158730156,47,0,1.0,0.7541009999999999,0.743206829787234,0.7856188936170214,0.7362549148936172,0.7299233829787234,270.07668985106386,88.35058625531914,7.858512617021277,0.11724444680851065,43,1.0930232558139534,0.0425531914893617
