configuration,epsilon,selection_mode,runs_with_data,total_selections,avg_score_mean,avg_score_sd,avg_score_ci95_low,avg_score_ci95_high,avg_reputation_norm_mean,avg_reputation_norm_sd,avg_reputation_norm_ci95_low,avg_reputation_norm_ci95_high,avg_energy_norm_mean,avg_energy_norm_sd,avg_energy_norm_ci95_low,avg_energy_norm_ci95_high,avg_proximity_norm_mean,avg_proximity_norm_sd,avg_proximity_norm_ci95_low,avg_proximity_norm_ci95_high,avg_distance_mean,avg_distance_sd,avg_distance_ci95_low,avg_distance_ci95_high,avg_energy_mean,avg_energy_sd,avg_energy_ci95_low,avg_energy_ci95_high,avg_utility_mean,avg_utility_sd,avg_utility_ci95_low,avg_utility_ci95_high
epsilon_000,0.0,exploration,0,0,,,,,,,,,,,,,,,,,,,,,,,,,,,,
epsilon_000,0.0,exploitation,30,1531,0.9029932726304974,0.011351760746945761,0.8987544555045782,0.9072320897564167,0.9225880691635637,0.011629344751165678,0.9182456004670029,0.9269305378601246,0.8762915123127135,0.019265340942870267,0.8690977157779087,0.8834853088475183,0.9065855041935397,0.015950449098952175,0.9006295086159433,0.9125414997711361,93.56341045421163,16.126413589319373,87.54170865606056,99.5851122523627,105.15498170808414,2.311839874168854,104.29172651186741,106.01823690430086,0.14291588647714012,0.01965845687967502,0.13557529803907498,0.15025647491520527
epsilon_010,0.1,exploration,30,159,0.7285429502380952,0.046086942593001896,0.71133380304945,0.7457520974267404,0.7612163608333333,0.06425745071794041,0.7372222344028232,0.7852104872638435,0.7442800337698413,0.047988429393653775,0.7263608597408682,0.7621992077988144,0.6907438683730158,0.12118099109339746,0.6454941426403126,0.7359935941057191,313.5504776939683,128.11527631369785,265.7114473059739,361.3895080819627,89.31360301380954,5.758613306547179,87.16330146592797,91.46390456169111,0.10043334500000002,0.046220163354443976,0.0831744523614888,0.11769223763851125
epsilon_010,0.1,exploitation,30,1372,0.9018960016280043,0.010715182697422693,0.8978948866523024,0.9058971166037062,0.9197700610079493,0.013927163068514135,0.9145695728505354,0.9249705491653633,0.8770806063165489,0.017012570580888897,0.8707280080596147,0.8834332045734832,0.9060696715701777,0.018147462007789716,0.8992932978898845,0.9128460452504709,94.06533575770477,18.31919995570106,87.22483407374729,100.90583744166226,105.24967402385316,2.0415086585807445,104.4873621624943,106.01198588521201,0.1453584078802746,0.020301713398059622,0.137777623510735,0.1529391922498142
epsilon_020,0.2,exploration,30,309,0.7252964287687312,0.03316913690993693,0.7129108694955912,0.7376819880418712,0.7515548072728196,0.046284203166985304,0.7342720017753086,0.7688376127703307,0.7410148674704922,0.04518753297336099,0.7241415653532802,0.7578881695877041,0.6851131190603842,0.07811251210344738,0.6559454276833656,0.7142808104374028,322.18812857652875,87.17909753177688,289.63491856113035,354.74133859192716,88.92178257528253,5.422501886174359,86.89698709440266,90.94657805616241,0.11611770965673214,0.028949926353146076,0.10530762949777235,0.12692778981569192
epsilon_020,0.2,exploitation,30,1221,0.902867089301188,0.01043058717825754,0.8989722440388362,0.9067619345635397,0.9201562569774426,0.016528934094766707,0.9139842515523866,0.9263282624024987,0.87574690102106,0.015025788999493549,0.8701361791990168,0.8813576228431033,0.9096732403209873,0.012227914910056639,0.9051072618538163,0.9142392187881583,90.43615887915121,12.348559216629232,85.82513108754105,95.04718667076136,105.0896279386337,1.8030934703111592,104.41634177167106,105.76291410559634,0.14615479628740638,0.023565146706596506,0.13735542589355831,0.15495416668125445
epsilon_030,0.3,exploration,30,449,0.7280701369312237,0.028774675336726143,0.7173254965772682,0.7388147772851792,0.7466253874197225,0.03765161198768005,0.732566044444688,0.760684730394757,0.7457835458709117,0.04336483501291874,0.7295908503575853,0.761976241384238,0.7076944355341446,0.052829511009629015,0.6879675719212195,0.7274212991470697,295.0283209429165,53.950826431146,274.88275127035547,315.1738906154775,89.49402714762714,5.203782464265916,87.55090284111606,91.43715145413822,0.12237470311547209,0.029440340325778292,0.11138149936957951,0.13336790686136465
epsilon_030,0.3,exploitation,30,1082,0.9046725913790391,0.011881343136724714,0.9002360249388573,0.9091091578192209,0.9178964073055416,0.01706675705196579,0.911523575487778,0.9242692391233052,0.8840938885555207,0.01578004765177128,0.8782015219240141,0.8899862551870273,0.9097446707434563,0.01513846170818564,0.9040918762405423,0.9153974652463703,90.33150389480532,15.243262180854678,84.63957625226153,96.02343153734911,106.09126683092437,1.8936059294089893,105.38418275628153,106.7983509055672,0.14800143425519757,0.026685111893984488,0.1380370497139072,0.15796581879648794
epsilon_050,0.5,exploration,30,740,0.7223226037994378,0.021882473334231073,0.7141515539689904,0.7304936536298852,0.7532326920162818,0.03026125129607813,0.7419329550763473,0.7645324289562164,0.7345474410649389,0.02587211967653073,0.7248866328067823,0.7442082493230954,0.6882246755539583,0.04984786532625332,0.669611176736844,0.7068381743710725,313.66935082353666,51.13094138635953,294.5767435316513,332.76195811542203,88.14569174429303,3.1046533203751054,86.98639514195855,89.30498834662751,0.12160230811021135,0.025227258133053144,0.11218229510974861,0.13102232111067408
epsilon_050,0.5,exploitation,30,791,0.9054723630342885,0.015097565895856766,0.8998348392786657,0.9111098867899112,0.9213781465894415,0.018355420132922688,0.9145241200690349,0.9282321731098481,0.8857654470735292,0.02134524784055032,0.8777950005392452,0.8937358936078132,0.9056447688549768,0.026316895209120235,0.8958178786834715,0.9154716590264821,94.44051933678185,26.333435273166536,84.60745300385925,104.27358566970445,106.2918546242316,2.561430415953646,105.33540078803566,107.24830846042755,0.14357565660573293,0.03263590246186287,0.13138921034783455,0.15576210286363132
epsilon_100,1.0,exploration,30,1530,0.7247967602122826,0.016701531510553976,0.7185603058529829,0.7310332145715822,0.7528975975143616,0.025381645670632516,0.7434199352599278,0.7623752597687954,0.7377910070439095,0.019766451257833724,0.7304100928423045,0.7451719212455146,0.6942361591530944,0.03483133458310243,0.6812299250682894,0.7072423932378995,308.86174917090096,36.27429089085304,295.316706345708,322.40679199609394,88.53492053855669,2.3719742510612183,87.64921079697824,89.42063028013514,0.12414471314727364,0.017835171572348017,0.11748495063202528,0.130804475662522
epsilon_100,1.0,exploitation,0,0,,,,,,,,,,,,,,,,,,,,,,,,,,,,
