configuration,metric,n_pairs,original_mean,alternative_mean,mean_difference,difference_sd,difference_ci95_low,difference_ci95_high,difference_pct,ci95_excludes_zero
equal,request_allocation_rate,30,0.786024518101724,0.7885497706269766,0.0025252525252525268,0.006986864202688091,-8.368544472669515e-05,0.005134190495231748,0.32126892572653687,False
equal,overall_eligibility_rate,30,0.4161528368059962,0.42380078950912997,0.007647952703133811,0.001794294102894424,0.006977952273964164,0.00831795313230346,1.8377749775376735,True
equal,mean_eligibility_rate,30,0.41365820513200363,0.421593708770688,0.007935503638684309,0.003908117486501534,0.006476188586052995,0.009394818691315622,1.9183721101705389,True
equal,utility_rejection_rate,30,0.583842734692166,0.5761992104908701,-0.007643524201295989,0.0017834233368498305,-0.008309465419713323,-0.006977582982878655,-1.3091751848767919,True
equal,energy_rejection_rate,30,4.4285018378282625e-06,0.0,-4.4285018378282625e-06,2.425590352531624e-05,-1.3485805066793778e-05,4.6288013911372525e-06,-100.0,False
equal,avg_selected_utility,30,0.1371488107297104,0.15193348883565205,0.014784678105941624,0.01260984041454678,0.010076086311609554,0.019493269900273696,10.78002647436654,True
equal,avg_score,30,0.8664695887622642,0.8664791371666467,9.54840438259034e-06,0.008519185753109192,-0.003171567836010557,0.0031906646447757373,0.0011019895569719348,False
equal,avg_energy,30,101.878011747516,102.26770028228177,0.3896885347657772,1.6932912374553448,-0.24259680461876548,1.02197387415032,0.3825050450842438,False
equal,avg_reputation,30,8.944536358786658,8.89600453276112,-0.04853182602553912,0.1765597151799139,-0.11446030717798122,0.017396655126902978,-0.5425862680726105,False
equal,allocations,30,51.0,51.166666666666664,0.16666666666666666,0.461133037377414,-0.005523239351961973,0.3388565726852953,0.32679738562091043,False
equal,unique_vehicles,30,44.266666666666666,43.93333333333333,-0.3333333333333333,2.55063661199254,-1.2857566968912364,0.6190900302245697,-0.7530120481927765,False
energy_high,request_allocation_rate,30,0.786024518101724,0.7850301999199057,-0.0009943181818181804,0.00895460719621249,-0.004338023461142167,0.002349387097505806,-0.12649963950483237,False
energy_high,overall_eligibility_rate,30,0.4161528368059962,0.40135270509831,-0.014800131707686069,0.003915257224369112,-0.01626211278225198,-0.013338150633120157,-3.5564173540851693,True
energy_high,mean_eligibility_rate,30,0.41365820513200363,0.40044295746713804,-0.01321524766486576,0.004102529172828746,-0.014747157234229147,-0.011683338095502375,-3.19472634675491,True
energy_high,utility_rejection_rate,30,0.583842734692166,0.5986472949016899,0.014804560209523891,0.003924741206215374,0.013339037757935683,0.016270082661112097,2.535710274330929,True
energy_high,energy_rejection_rate,30,4.4285018378282625e-06,0.0,-4.4285018378282625e-06,2.425590352531624e-05,-1.3485805066793778e-05,4.6288013911372525e-06,-100.0,False
energy_high,avg_selected_utility,30,0.1371488107297104,0.12116903000644866,-0.015979780723261783,0.01064694816626731,-0.019955416506291394,-0.012004144940232171,-11.65141763770327,True
energy_high,avg_score,30,0.8664695887622642,0.8619552594453608,-0.004514329316903476,0.009600895672631936,-0.008099362679438527,-0.0009292959543684251,-0.5210026266879219,True
energy_high,avg_energy,30,101.878011747516,101.49414667316823,-0.3838650743477591,2.2196635328600456,-1.2127010590558644,0.44497091036034625,-0.37678893390567825,False
energy_high,avg_reputation,30,8.944536358786658,8.90227892082769,-0.04225743795896856,0.21567791654118437,-0.12279289555864811,0.03827801964071099,-0.4724385509088619,False
energy_high,allocations,30,51.0,50.93333333333333,-0.06666666666666667,0.5832922809856748,-0.28447158391034755,0.15113825057701424,-0.13071895424837252,False
energy_high,unique_vehicles,30,44.266666666666666,44.1,-0.16666666666666666,2.9836720413903923,-1.2807881169954067,0.9474547836620734,-0.37650602409638023,False
distance_high,request_allocation_rate,30,0.786024518101724,0.8659544118735295,0.07992989377180554,0.04372663038347085,0.06360210164686433,0.09625768589674674,10.168880477779357,True
distance_high,overall_eligibility_rate,30,0.4161528368059962,0.44163046285976365,0.025477626053767497,0.003819377617561031,0.024051447012773678,0.026903805094761316,6.122180074347235,True
distance_high,mean_eligibility_rate,30,0.41365820513200363,0.4380749744107533,0.024416769278749577,0.00812430100299315,0.021383105427361947,0.027450433130137206,5.902643529325857,True
distance_high,utility_rejection_rate,30,0.583842734692166,0.5583651086383985,-0.025477626053767483,0.0038193776175610185,-0.0269038050947613,-0.024051447012773668,-4.36378232353969,True
distance_high,energy_rejection_rate,30,4.4285018378282625e-06,4.4285018378282625e-06,0.0,0.0,0.0,0.0,0.0,False
distance_high,avg_selected_utility,30,0.1371488107297104,0.1969065304421364,0.05975771971242596,0.016072328807514222,0.05375621350370616,0.06575922592114576,43.57144578540682,True
distance_high,avg_score,30,0.8664695887622642,0.8686945300362505,0.0022249412739862324,0.010475442670128789,-0.0016866533042975132,0.006136535852269978,0.25678238484568183,False
distance_high,avg_energy,30,101.878011747516,101.81669405948371,-0.061317688032300074,2.6608004394482583,-1.0548769008109287,0.9322415247463286,-0.06018736229781664,False
distance_high,avg_reputation,30,8.944536358786658,8.850967799920463,-0.09356855886619583,0.2173887426759651,-0.17474284944352864,-0.012394268288863017,-1.046097361707054,True
distance_high,allocations,30,51.0,56.166666666666664,5.166666666666667,2.8049627612419425,4.119276358240981,6.214056975092353,10.130718954248362,True
distance_high,unique_vehicles,30,44.266666666666666,48.53333333333333,4.266666666666667,3.0842573949268433,3.114986028059433,5.4183473052739,9.638554216867467,True
time_high,request_allocation_rate,30,0.786024518101724,0.7860325309222368,8.012820512826035e-06,0.009863337978519314,-0.0036750181095855173,0.0036910437506111693,0.0010194110143181994,False
time_high,overall_eligibility_rate,30,0.4161528368059962,0.41726734032010326,0.0011145035141070976,0.0033590600238329327,-0.00013979011253092868,0.0023687971407451236,0.26781110580934064,False
time_high,mean_eligibility_rate,30,0.41365820513200363,0.41709009282871684,0.003431887696713021,0.006893350467528445,0.000857868329313582,0.00600590706411246,0.8296433273015944,True
time_high,utility_rejection_rate,30,0.583842734692166,0.5827326596798967,-0.00111007501226927,0.003355048235247411,-0.0023628706124300867,0.00014272058789154647,-0.19013253849164055,False
time_high,energy_rejection_rate,30,4.4285018378282625e-06,0.0,-4.4285018378282625e-06,2.425590352531624e-05,-1.3485805066793778e-05,4.6288013911372525e-06,-100.0,False
time_high,avg_selected_utility,30,0.1371488107297104,0.11562243821629674,-0.021526372513413692,0.012151227598302287,-0.026063715467764155,-0.01698902955906323,-15.69563191899442,True
time_high,avg_score,30,0.8664695887622642,0.8584626505669248,-0.008006938195339137,0.008964987052745647,-0.011354519376791272,-0.004659357013887001,-0.9240876193678231,True
time_high,avg_energy,30,101.878011747516,101.2960188149199,-0.5819929325961145,2.0677495926999896,-1.3541033197893522,0.19011745459712315,-0.5712645178416376,False
time_high,avg_reputation,30,8.944536358786658,8.874909744951148,-0.06962661383551143,0.20592361316795788,-0.14651975469582798,0.007266527024805125,-0.7784261927351024,False
time_high,allocations,30,51.0,51.0,0.0,0.6432675209026769,-0.24020003988222885,0.24020003988222885,0.0,False
time_high,unique_vehicles,30,44.266666666666666,43.766666666666666,-0.5,2.9095561931984246,-1.5864461377828276,0.5864461377828276,-1.1295180722891567,False
no_energy,request_allocation_rate,30,0.786024518101724,0.8174037556941969,0.03137923759247289,0.02916948486080112,0.02048717293937726,0.042271302245568514,3.9921448847746865,True
no_energy,overall_eligibility_rate,30,0.4161528368059962,0.44126361462552927,0.025110777819533036,0.0030133168896102065,0.023985586800955756,0.026235968838110316,6.034027789467966,True
no_energy,mean_eligibility_rate,30,0.41365820513200363,0.4381880374920913,0.024529832360087492,0.007050417935672755,0.02189716303619791,0.027162501683977075,5.92997601782367,True
no_energy,utility_rejection_rate,30,0.583842734692166,0.5587363853744708,-0.025106349317695197,0.0030109916117680765,-0.02623067206325656,-0.023982026572133833,-4.30019041530638,True
no_energy,energy_rejection_rate,30,4.4285018378282625e-06,0.0,-4.4285018378282625e-06,2.425590352531624e-05,-1.3485805066793778e-05,4.6288013911372525e-06,-100.0,False
no_energy,avg_selected_utility,30,0.1371488107297104,0.19727749786852397,0.06012868713881351,0.014672420928743886,0.05464991512292256,0.06560745915470445,43.84193112495429,True
no_energy,avg_score,30,0.8664695887622642,0.8729129207095847,0.0064433319473205,0.009547593258471156,0.002878202033337107,0.010008461861303893,0.7436304783096516,True
no_energy,avg_energy,30,101.878011747516,102.42845517723715,0.5504434297211763,2.4759239920451197,-0.3740817830550842,1.4749686424974369,0.5402965961735869,False
no_energy,avg_reputation,30,8.944536358786658,8.95057096418302,0.006034605396360959,0.20132630887995456,-0.06914187383027083,0.08121108462299274,0.06746694467213983,False
no_energy,allocations,30,51.0,53.03333333333333,2.033333333333333,1.9025089303036287,1.3229248235208702,2.7437418431457963,3.9869281045751594,True
no_energy,unique_vehicles,30,44.266666666666666,45.13333333333333,0.8666666666666667,3.1043166090454437,-0.2925042055909972,2.0258375389243306,1.9578313253012058,False
no_distance,request_allocation_rate,30,0.786024518101724,0.7875568780348192,0.001532359933095225,0.011736352863233318,-0.002850066249194593,0.005914786115385043,0.19495065329461944,False
no_distance,overall_eligibility_rate,30,0.4161528368059962,0.3933473124154731,-0.022805524390523208,0.009535112645288057,-0.02636599396695353,-0.019245054814092888,-5.4800838474530575,True
no_distance,mean_eligibility_rate,30,0.41365820513200363,0.39456746445380875,-0.019090740678195037,0.00874782779337573,-0.022357233259544602,-0.01582424809684547,-4.615100206244618,True
no_distance,utility_rejection_rate,30,0.583842734692166,0.606652687584527,0.022809952892361034,0.00954396995765555,0.01924617594113751,0.02637372984358456,3.9068659310092553,True
no_distance,energy_rejection_rate,30,4.4285018378282625e-06,0.0,-4.4285018378282625e-06,2.425590352531624e-05,-1.3485805066793778e-05,4.6288013911372525e-06,-100.0,False
no_distance,avg_selected_utility,30,0.1371488107297104,0.0926711542645533,-0.044477656465157125,0.0111565789354871,-0.048643591504894154,-0.0403117214254201,-32.430216659197,True
no_distance,avg_score,30,0.8664695887622642,0.8452000366637645,-0.0212695520984995,0.011492729391188923,-0.025561007781269626,-0.016978096415729376,-2.4547372896125346,True
no_distance,avg_energy,30,101.878011747516,100.81275658704666,-1.0652551604693201,2.6818094662200385,-2.0666592727718465,-0.06385104816679354,-1.045618325482591,True
no_distance,avg_reputation,30,8.944536358786658,8.848087595410702,-0.0964487633759599,0.2600777796986615,-0.1935634023498613,0.0006658755979414982,-1.0782980750166038,False
no_distance,allocations,30,51.0,51.1,0.1,0.7588557629520365,-0.18336139880054034,0.3833613988005403,0.1960784313725518,False
no_distance,unique_vehicles,30,44.266666666666666,43.2,-1.0666666666666667,3.352130905736738,-2.3183729180852524,0.18503958475191906,-2.409638554216859,False
no_time,request_allocation_rate,30,0.786024518101724,0.7870494735384441,0.0010249554367201394,0.007860257620738236,-0.001910112995363139,0.003960023868803418,0.13039738750076155,False
no_time,overall_eligibility_rate,30,0.4161528368059962,0.41597726755770886,-0.0001755692482873846,0.0015724080198945627,-0.0007627160524036667,0.00041157755582889755,-0.04218864627592801,False
no_time,mean_eligibility_rate,30,0.41365820513200363,0.41315505060320257,-0.0005031545288011215,0.004593419196860178,-0.0022183654456111746,0.0012120563880089314,-0.12163533143032931,False
no_time,utility_rejection_rate,30,0.583842734692166,0.5840227324422911,0.0001799977501252122,0.0015809629918172165,-0.0004103435330067821,0.0007703390332572065,0.03082983471910817,False
no_time,energy_rejection_rate,30,4.4285018378282625e-06,0.0,-4.4285018378282625e-06,2.425590352531624e-05,-1.3485805066793778e-05,4.6288013911372525e-06,-100.0,False
no_time,avg_selected_utility,30,0.1371488107297104,0.14882212932555966,0.01167331859584921,0.012212716433326208,0.00711301533315871,0.01623362185853971,8.511425315130689,True
no_time,avg_score,30,0.8664695887622642,0.8696591154992545,0.003189526736990319,0.009895156802280853,-0.0005053855371650079,0.006884439011145646,0.3681060222259416,False
no_time,avg_energy,30,101.878011747516,102.06963327542768,0.19162152791168693,2.174690152885922,-0.6204211207233269,1.0036641765467007,0.18808919081241351,False
no_time,avg_reputation,30,8.944536358786658,8.954998039163382,0.01046168037672152,0.18311581565810955,-0.05791488892748156,0.0788382496809246,0.11696168428502404,False
no_time,allocations,30,51.0,51.06666666666667,0.06666666666666667,0.5208304597621878,-0.12781462321907688,0.2611479565524102,0.13071895424837252,False
no_time,unique_vehicles,30,44.266666666666666,43.9,-0.36666666666666664,2.834313555930842,-1.4250167419479152,0.6916834086145818,-0.8283132530120493,False
