experimento,seed,lambda1,lambda2,lambda3,w1,w2,w3,modo,step,veiculo,servico,score,utilidade,reputacao,energia
normalized_original,42,0.5,0.3,0.2,0.5,0.25,0.25,shadai,40,4,Diagnóstico Veicular,0.640478,0.017883,5.032494,108.565827
normalized_original,42,0.5,0.3,0.2,0.5,0.25,0.25,shadai,60,33,Atualização de Modelos Locais (ML),0.939,0.468389,9.889922,108.961395
normalized_original,42,0.5,0.3,0.2,0.5,0.25,0.25,shadai,120,76,Atualização de Modelos Locais (ML),0.946958,0.237251,9.628819,104.968657
normalized_original,42,0.5,0.3,0.2,0.5,0.25,0.25,shadai,140,34,Atualização de Modelos Locais (ML),0.899893,0.435685,9.821815,96.395635
normalized_original,42,0.5,0.3,0.2,0.5,0.25,0.25,shadai,160,133,Diagnóstico Veicular,0.919207,0.041597,8.981136,108.331678
normalized_original,42,0.5,0.3,0.2,0.5,0.25,0.25,shadai,180,118,Diagnóstico Veicular,0.897526,0.012677,8.620907,107.888539
normalized_original,42,0.5,0.3,0.2,0.5,0.25,0.25,shadai,200,122,Diagnóstico Veicular,0.830495,0.002908,9.3982,80.250033
normalized_original,42,0.5,0.3,0.2,0.5,0.25,0.25,shadai,220,171,Diagnóstico Veicular,0.95041,0.058636,9.179793,117.714666
normalized_original,42,0.5,0.3,0.2,0.5,0.25,0.25,shadai,240,192,Atualização de Modelos Locais (ML),0.945348,0.265907,9.348008,115.971135
normalized_original,42,0.5,0.3,0.2,0.5,0.25,0.25,shadai,260,213,Diagnóstico Veicular,0.896707,0.03605,9.96346,94.488716
normalized_original,42,0.5,0.3,0.2,0.5,0.25,0.25,shadai,280,84,Diagnóstico Veicular,0.911952,0.005337,9.696186,92.172944
normalized_original,42,0.5,0.3,0.2,0.5,0.25,0.25,shadai,300,179,Processamento de Imagem Urbana,0.907722,0.002138,9.940596,90.875775
normalized_original,42,0.5,0.3,0.2,0.5,0.25,0.25,shadai,360,261,Atualização de Modelos Locais (ML),0.911664,0.387514,9.340461,105.017055
normalized_original,42,0.5,0.3,0.2,0.5,0.25,0.25,shadai,380,316,Diagnóstico Veicular,0.932452,0.110577,9.847943,103.17514
normalized_original,42,0.5,0.3,0.2,0.5,0.25,0.25,shadai,400,209,Processamento de Imagem Urbana,0.945743,0.239627,9.506047,108.277985
normalized_original,42,0.5,0.3,0.2,0.5,0.25,0.25,shadai,440,308,Agregação de Dados de Sensores,0.988253,0.026575,9.985821,116.826517
normalized_original,42,0.5,0.3,0.2,0.5,0.25,0.25,shadai,460,254,Atualização de Modelos Locais (ML),0.824164,0.248529,8.844814,99.055
normalized_original,42,0.5,0.3,0.2,0.5,0.25,0.25,shadai,480,318,Processamento de Imagem Urbana,0.95938,0.043454,9.922199,116.82781
normalized_original,42,0.5,0.3,0.2,0.5,0.25,0.25,shadai,520,341,Processamento de Imagem Urbana,0.954673,0.120956,9.904096,101.080954
normalized_original,42,0.5,0.3,0.2,0.5,0.25,0.25,shadai,540,449,Diagnóstico Veicular,0.910704,0.05476,9.365675,105.284373
normalized_original,42,0.5,0.3,0.2,0.5,0.25,0.25,shadai,560,371,Processamento de Imagem Urbana,0.628353,0.185793,7.249872,98.540315
normalized_original,42,0.5,0.3,0.2,0.5,0.25,0.25,shadai,580,433,Processamento de Imagem Urbana,0.935331,0.142825,9.630198,117.727883
normalized_original,42,0.5,0.3,0.2,0.5,0.25,0.25,shadai,600,303,Diagnóstico Veicular,0.681889,0.00348,6.259979,83.193852
normalized_original,42,0.5,0.3,0.2,0.5,0.25,0.25,shadai,620,389,Processamento de Imagem Urbana,0.946471,0.01347,9.668758,108.808671
normalized_original,42,0.5,0.3,0.2,0.5,0.25,0.25,shadai,640,509,Agregação de Dados de Sensores,0.881494,0.011524,9.437772,112.087013
normalized_original,42,0.5,0.3,0.2,0.5,0.25,0.25,shadai,680,450,Agregação de Dados de Sensores,0.672073,0.007328,5.390514,102.225968
normalized_original,42,0.5,0.3,0.2,0.5,0.25,0.25,shadai,760,557,Processamento de Imagem Urbana,0.91715,0.257515,9.792313,93.590937
normalized_original,42,0.5,0.3,0.2,0.5,0.25,0.25,shadai,800,605,Agregação de Dados de Sensores,0.854084,0.066002,9.301701,67.235627
normalized_original,42,0.5,0.3,0.2,0.5,0.25,0.25,shadai,820,622,Agregação de Dados de Sensores,0.974266,0.06292,9.7434,115.354757
normalized_original,42,0.5,0.3,0.2,0.5,0.25,0.25,shadai,840,694,Diagnóstico Veicular,0.926047,0.031577,8.66176,118.55164
normalized_original,42,0.5,0.3,0.2,0.5,0.25,0.25,shadai,880,677,Processamento de Imagem Urbana,0.97159,0.125319,9.947018,107.690775
normalized_original,42,0.5,0.3,0.2,0.5,0.25,0.25,shadai,900,687,Processamento de Imagem Urbana,0.964716,0.023626,9.851939,108.62407
normalized_original,42,0.5,0.3,0.2,0.5,0.25,0.25,shadai,920,705,Agregação de Dados de Sensores,0.851208,0.004182,9.845509,103.95507
normalized_original,42,0.5,0.3,0.2,0.5,0.25,0.25,shadai,940,710,Atualização de Modelos Locais (ML),0.914615,0.393191,9.490621,92.822776
normalized_original,42,0.5,0.3,0.2,0.5,0.25,0.25,shadai,980,813,Agregação de Dados de Sensores,0.930754,0.010939,9.221749,118.89415
normalized_original,42,0.5,0.3,0.2,0.5,0.25,0.25,shadai,1000,723,Agregação de Dados de Sensores,0.82777,0.037898,7.069933,108.490809
normalized_original,42,0.5,0.3,0.2,0.5,0.25,0.25,shadai,1040,681,Agregação de Dados de Sensores,0.864287,0.039696,8.834211,91.765938
normalized_original,42,0.5,0.3,0.2,0.5,0.25,0.25,shadai,1060,831,Atualização de Modelos Locais (ML),0.905171,0.353651,9.082943,109.518659
normalized_original,42,0.5,0.3,0.2,0.5,0.25,0.25,shadai,1080,766,Atualização de Modelos Locais (ML),0.91139,0.272822,9.987345,99.324034
normalized_original,42,0.5,0.3,0.2,0.5,0.25,0.25,shadai,1120,828,Atualização de Modelos Locais (ML),0.89685,0.477299,9.903354,78.963692
normalized_original,42,0.5,0.3,0.2,0.5,0.25,0.25,shadai,1140,827,Atualização de Modelos Locais (ML),0.927913,0.318795,9.815856,107.506997
normalized_original,42,0.5,0.3,0.2,0.5,0.25,0.25,shadai,1160,817,Processamento de Imagem Urbana,0.626971,0.13499,5.061801,99.298414
normalized_original,42,0.5,0.3,0.2,0.5,0.25,0.25,shadai,1180,749,Atualização de Modelos Locais (ML),0.862947,0.221775,9.590155,87.38692
normalized_original,42,0.5,0.3,0.2,0.5,0.25,0.25,shadai,1200,723,Agregação de Dados de Sensores,0.437094,0.018597,6.069933,100.276952
normalized_original,42,0.5,0.3,0.2,0.5,0.25,0.25,shadai,1220,799,Atualização de Modelos Locais (ML),0.80463,0.257167,7.557924,113.917316
normalized_original,42,0.5,0.3,0.2,0.5,0.25,0.25,shadai,1240,753,Atualização de Modelos Locais (ML),0.83841,0.480502,9.269107,62.979063
normalized_original,42,0.5,0.3,0.2,0.5,0.25,0.25,shadai,1260,833,Atualização de Modelos Locais (ML),0.705357,0.288203,5.487185,87.151947
normalized_original,42,0.5,0.3,0.2,0.5,0.25,0.25,shadai,1280,753,Diagnóstico Veicular,0.43083,0.062193,9.269107,41.186541
