configuration,seed,lambda1,lambda2,lambda3,requests,vehicle_evaluations,allocations,request_allocation_rate,unique_vehicles,mean_eligibility_rate,overall_eligibility_rate,positive_utility_rate,utility_rejection_rate,energy_rejection_rate,avg_candidate_utility,avg_selected_utility,avg_score,avg_energy,avg_reputation
original,1,0.5,0.3,0.2,64,7629,46,0.71875,36,0.315975703125,0.2972866692882422,0.2972866692882422,0.7027133307117578,0.0,-0.07332577454450126,0.11596278260869566,0.8810239130434782,103.7182127173913,9.202545086956519
original,2,0.5,0.3,0.2,66,7664,51,0.7727272727272727,42,0.4140110303030303,0.4421972860125261,0.4421972860125261,0.5578027139874739,0.0,-0.0011511693632567824,0.13127145098039214,0.879647568627451,101.30729196078431,9.21496217647059
original,3,0.5,0.3,0.2,64,7598,56,0.875,49,0.482337,0.5346143722032114,0.5346143722032114,0.4653856277967886,0.0,0.03788582666491181,0.15153362500000003,0.8765689464285714,104.41026732142856,8.935396464285715
original,4,0.5,0.3,0.2,64,7621,53,0.828125,51,0.513469390625,0.5264400997244456,0.5264400997244456,0.4735599002755544,0.0,0.04294171250492061,0.16646894339622645,0.891919433962264,106.92058820754715,9.063814981132074
original,5,0.5,0.3,0.2,68,7644,52,0.7647058823529411,45,0.4021153088235294,0.39089481946624804,0.39089481946624804,0.609105180533752,0.0,-0.015708135661957084,0.14830449999999998,0.8655600576923076,99.5168139423077,9.060307807692308
original,6,0.5,0.3,0.2,66,7527,57,0.8636363636363636,44,0.558906106060606,0.5757938089544307,0.5759266640095656,0.42407333599043445,0.0001328550551348479,0.047604724325760586,0.1855403157894737,0.8445006315789474,99.1643072631579,9.087536421052631
original,7,0.5,0.3,0.2,65,7605,50,0.7692307692307693,40,0.45155046153846157,0.40828402366863903,0.40828402366863903,0.591715976331361,0.0,-0.03000530769230769,0.14340618000000002,0.8814386800000001,100.66899868,9.10676178
original,8,0.5,0.3,0.2,64,7609,52,0.8125,42,0.419443640625,0.4365882507556841,0.4365882507556841,0.5634117492443159,0.0,-0.017306339729267973,0.12936876923076923,0.8722708461538462,101.47313567307691,9.168616634615386
original,9,0.5,0.3,0.2,64,7571,48,0.75,41,0.364492109375,0.3566239598467838,0.3566239598467838,0.6433760401532163,0.0,-0.04606811081759345,0.11721433333333332,0.8658367708333333,101.916453875,8.803053541666666
original,10,0.5,0.3,0.2,64,7622,52,0.8125,44,0.412598609375,0.4071109944896353,0.4071109944896353,0.5928890055103647,0.0,-0.026893878378378377,0.13797417307692308,0.8563372307692306,102.32185921153845,8.955607134615384
original,11,0.5,0.3,0.2,66,7602,53,0.803030303030303,47,0.4348023484848485,0.44711917916337807,0.44711917916337807,0.5528808208366219,0.0,-0.004112772559852666,0.1390639811320755,0.8551597735849056,101.68907307547171,8.89164741509434
original,12,0.5,0.3,0.2,63,7627,47,0.746031746031746,42,0.4371732063492064,0.4233643634456536,0.4233643634456536,0.5766356365543464,0.0,-0.01901938101481579,0.16516699999999998,0.8504892978723405,99.81646651063828,8.713330255319148
original,13,0.5,0.3,0.2,66,7586,50,0.7575757575757576,42,0.3534996212121212,0.36013709464803584,0.36013709464803584,0.6398629053519641,0.0,-0.03640971605589243,0.14035194,0.8682455599999999,103.06061093999999,8.95567436
original,14,0.5,0.3,0.2,66,7645,51,0.7727272727272727,42,0.34675089393939396,0.34414650098103333,0.34414650098103333,0.6558534990189666,0.0,-0.04947806749509484,0.12367449019607843,0.8479505686274509,100.12351874509805,8.990656058823529
original,15,0.5,0.3,0.2,65,7601,49,0.7538461538461538,44,0.3978349076923077,0.3783712669385607,0.3783712669385607,0.6216287330614393,0.0,-0.03753428114721747,0.12789677551020406,0.871250081632653,103.9308306122449,9.002480612244897
original,16,0.5,0.3,0.2,66,7655,54,0.8181818181818182,46,0.421533,0.4322664924885696,0.4322664924885696,0.5677335075114305,0.0,-0.005208017504898763,0.13994294444444447,0.8879682777777779,103.96097305555558,9.014917074074072
original,17,0.5,0.3,0.2,66,7585,49,0.7424242424242424,47,0.39766277272727274,0.4134475939353988,0.4134475939353988,0.5865524060646012,0.0,-0.021937027949901117,0.13865889795918368,0.8421512857142858,98.67689916326532,8.688504653061225
original,18,0.5,0.3,0.2,64,7619,50,0.78125,43,0.42028726562499996,0.41265257907861924,0.41265257907861924,0.5873474209213808,0.0,-0.027418271164194773,0.14667404,0.8803627599999999,103.19404868,9.00101566
original,19,0.5,0.3,0.2,63,7619,43,0.6825396825396826,39,0.360232746031746,0.37235857724110777,0.37235857724110777,0.6276414227588922,0.0,-0.049202030975193586,0.12708772093023255,0.8612089767441862,102.88336644186047,8.71941988372093
original,20,0.5,0.3,0.2,63,7560,50,0.7936507936507936,44,0.45757166666666665,0.46375661375661376,0.46375661375661376,0.5362433862433862,0.0,0.004329964682539684,0.15859631999999999,0.88077848,104.10185080000001,8.90833876
original,21,0.5,0.3,0.2,68,7618,53,0.7794117647058824,49,0.4612286176470588,0.4814912050406931,0.4814912050406931,0.5185087949593069,0.0,0.011784127723812024,0.1539618679245283,0.8602640000000001,104.6542703773585,8.833171490566038
original,22,0.5,0.3,0.2,66,7600,59,0.8939393939393939,48,0.3636761515151515,0.3643421052631579,0.3643421052631579,0.6356578947368421,0.0,-0.027502223684210524,0.11692710169491527,0.8598075423728815,99.31905879661018,8.965175372881355
original,23,0.5,0.3,0.2,64,7645,51,0.796875,43,0.425624671875,0.43086984957488556,0.43086984957488556,0.5691301504251145,0.0,-0.02341018391105297,0.12635964705882355,0.8677897450980391,102.26940484313727,8.974554568627452
original,24,0.5,0.3,0.2,64,7575,48,0.75,43,0.333501,0.3684488448844884,0.3684488448844884,0.6315511551155115,0.0,-0.04132878759075907,0.10701525,0.8585990833333333,99.11801514583333,8.941238375
original,25,0.5,0.3,0.2,64,7590,48,0.75,44,0.420970484375,0.4,0.4,0.6,0.0,-0.029423518972332016,0.14718979166666668,0.8777978333333335,100.20331704166665,9.086462437500002
original,26,0.5,0.3,0.2,66,7530,51,0.7727272727272727,44,0.38467583333333333,0.3823373173970784,0.3823373173970784,0.6176626826029217,0.0,-0.03212235152722443,0.14234339215686276,0.8613909019607844,101.21603219607842,9.082932764705882
original,27,0.5,0.3,0.2,65,7559,56,0.8615384615384616,52,0.4048742923076923,0.38153194867045903,0.38153194867045903,0.618468051329541,0.0,-0.03102932649821405,0.10412108928571429,0.8572984285714285,101.97539675,8.577144732142857
original,28,0.5,0.3,0.2,65,7634,55,0.8461538461538461,47,0.5251271846153845,0.4793031176316479,0.4793031176316479,0.5206968823683521,0.0,0.012897544930573752,0.14881534545454544,0.8776456545454544,103.02298234545452,9.032051872727273
original,29,0.5,0.3,0.2,64,7610,49,0.765625,45,0.379674828125,0.41681997371879104,0.41681997371879104,0.5831800262812089,0.0,-0.016054959526938244,0.11179365306122449,0.8478681836734694,103.58896575510205,8.569192367346938
original,30,0.5,0.3,0.2,63,7534,47,0.746031746031746,43,0.34814530158730156,0.3559861959118662,0.3559861959118662,0.6440138040881338,0.0,-0.04405702282983807,0.12177800000000001,0.8649571489361702,98.11734229787236,8.789580021276594
equal,1,0.3333,0.3333,0.3334,64,7629,46,0.71875,39,0.321697515625,0.30370952942718576,0.30370952942718576,0.6962904705728142,0.0,-0.07248780062917815,0.12332763043478259,0.8839348913043478,105.38309843478261,9.032398739130434
equal,2,0.3333,0.3333,0.3334,66,7664,51,0.7727272727272727,43,0.41825542424242423,0.44754697286012524,0.44754697286012524,0.5524530271398748,0.0,0.0028807606993736905,0.15108439215686276,0.8848455882352941,104.1958303137255,9.144496529411764
equal,3,0.3333,0.3333,0.3334,64,7598,56,0.875,53,0.49287465625,0.5438273229797315,0.5438273229797315,0.4561726770202685,0.0,0.043917749407738876,0.15589748214285715,0.8846303035714287,103.5490295357143,8.93775507142857
equal,4,0.3333,0.3333,0.3334,64,7621,53,0.828125,44,0.520787796875,0.5333945676420417,0.5333945676420417,0.46660543235795826,0.0,0.04806129996063509,0.20741375471698117,0.8853095094339624,104.03910686792454,9.063279566037735
equal,5,0.3333,0.3333,0.3334,68,7644,52,0.7647058823529411,41,0.4062698970588235,0.39481946624803765,0.39481946624803765,0.6051805337519623,0.0,-0.012922821036106745,0.16612330769230768,0.86192125,102.46267092307696,9.04741244230769
equal,6,0.3333,0.3333,0.3334,66,7527,58,0.8787878787878788,47,0.5841486818181819,0.587750763916567,0.587750763916567,0.412249236083433,0.0,0.05441085970506178,0.19820456896551722,0.8199083620689656,98.16256905172413,8.66410244827586
equal,7,0.3333,0.3333,0.3334,65,7605,50,0.7692307692307693,38,0.46280543076923075,0.41840894148586455,0.41840894148586455,0.5815910585141354,0.0,-0.026727974884944123,0.16671161999999998,0.88096372,102.0039268,9.0850865
equal,8,0.3333,0.3333,0.3334,64,7609,52,0.8125,41,0.425562453125,0.44342226310947563,0.44342226310947563,0.5565777368905244,0.0,-0.013786554080693916,0.14072569230769233,0.8780295384615386,103.51091673076922,9.17540576923077
equal,9,0.3333,0.3333,0.3334,64,7571,48,0.75,43,0.370135390625,0.36243560956280546,0.36243560956280546,0.6375643904371946,0.0,-0.0438304946506406,0.14019064583333332,0.8723845208333333,102.60213402083332,8.865764520833332
equal,10,0.3333,0.3333,0.3334,64,7622,52,0.8125,45,0.4208235,0.41642613487273683,0.41642613487273683,0.5835738651272632,0.0,-0.023177914326948306,0.1595265,0.8741676923076921,101.67369634615385,9.029008923076923
equal,11,0.3333,0.3333,0.3334,66,7602,54,0.8181818181818182,47,0.4453550757575758,0.4563272822941331,0.4563272822941331,0.5436727177058669,0.0,0.00021001828466192686,0.14939846296296297,0.845142,101.97316381481484,8.631887814814815
equal,12,0.3333,0.3333,0.3334,63,7627,47,0.746031746031746,44,0.448292,0.43332896289497835,0.43332896289497835,0.5666710371050216,0.0,-0.015709476202963157,0.15443808510638293,0.8543333191489361,97.6072004680851,8.746773063829789
equal,13,0.3333,0.3333,0.3334,66,7586,52,0.7878787878787878,45,0.3605299545454546,0.3673872923807013,0.3673872923807013,0.6326127076192987,0.0,-0.0331624296071711,0.1334351923076923,0.8592697115384614,101.24056213461539,8.969309576923077
equal,14,0.3333,0.3333,0.3334,66,7645,51,0.7727272727272727,44,0.351321803030303,0.34990189666448657,0.34990189666448657,0.6500981033355134,0.0,-0.047373652844996735,0.13617101960784314,0.8547611960784313,102.91088062745096,8.503414901960785
equal,15,0.3333,0.3333,0.3334,65,7601,49,0.7538461538461538,42,0.40401407692307695,0.3862649651361663,0.3862649651361663,0.6137350348638337,0.0,-0.03524055519010656,0.14881179591836735,0.8671406938775509,102.08547918367344,9.0110836122449
equal,16,0.3333,0.3333,0.3334,66,7655,54,0.8181818181818182,45,0.4278075151515151,0.43984323971260614,0.43984323971260614,0.5601567602873938,0.0,-0.0014983429131286718,0.16629579629629632,0.8950585185185186,105.55380044444445,9.122612129629628
equal,17,0.3333,0.3333,0.3334,66,7585,50,0.7575757575757576,44,0.4096511818181818,0.4188529993408042,0.4188529993408042,0.5811470006591958,0.0,-0.0191034740936058,0.15989025999999998,0.8381694799999999,98.69305414,8.5286862
equal,18,0.3333,0.3333,0.3334,64,7619,50,0.78125,40,0.427648140625,0.421183882399265,0.421183882399265,0.578816117600735,0.0,-0.02363635647722799,0.13938141999999998,0.87044524,103.68646396000003,8.9368778
equal,19,0.3333,0.3333,0.3334,63,7619,43,0.6825396825396826,38,0.36841642857142853,0.38049612810080063,0.38049612810080063,0.6195038718991994,0.0,-0.04679726788292426,0.15928476744186043,0.8714751162790696,103.30041823255816,8.790871790697674
equal,20,0.3333,0.3333,0.3334,63,7560,50,0.7936507936507936,44,0.4656613968253968,0.4722222222222222,0.4722222222222222,0.5277777777777778,0.0,0.008457104629629624,0.18000936000000003,0.8761592999999999,105.55987757999999,8.722926419999999
equal,21,0.3333,0.3333,0.3334,68,7618,53,0.7794117647058824,49,0.46869551470588233,0.48962982410081385,0.48962982410081385,0.5103701758991861,0.0,0.015828607902336575,0.15422826415094337,0.8659843584905662,103.05721679245283,9.031624547169812
equal,22,0.3333,0.3333,0.3334,66,7600,59,0.8939393939393939,50,0.36979801515151517,0.3713157894736842,0.3713157894736842,0.6286842105263157,0.0,-0.023819303684210525,0.11819867796610171,0.8590847288135592,101.33919157627119,8.79992533898305
equal,23,0.3333,0.3333,0.3334,64,7645,51,0.796875,45,0.43480396875,0.4419882275997384,0.4419882275997384,0.5580117724002616,0.0,-0.019391823283191625,0.15090398039215686,0.8642599411764705,101.8742922745098,8.825217392156862
equal,24,0.3333,0.3333,0.3334,64,7575,48,0.75,44,0.337508890625,0.37438943894389437,0.37438943894389437,0.6256105610561056,0.0,-0.03868125056105611,0.1186406875,0.8526037500000001,100.48348854166666,8.724236187499999
equal,25,0.3333,0.3333,0.3334,64,7590,48,0.75,41,0.42890471875,0.4077733860342556,0.4077733860342556,0.5922266139657444,0.0,-0.026688731620553355,0.15318177083333331,0.8740259166666666,103.12959904166667,9.0959038125
equal,26,0.3333,0.3333,0.3334,66,7530,51,0.7727272727272727,43,0.3913652878787879,0.3893758300132802,0.3893758300132802,0.6106241699867198,0.0,-0.02928140039840638,0.14320135294117645,0.8511379607843136,101.50762639215685,8.822392235294117
equal,27,0.3333,0.3333,0.3334,65,7559,56,0.8615384615384616,49,0.41329967692307695,0.38801428760418044,0.38801428760418044,0.6119857123958196,0.0,-0.028131271861357325,0.1251129107142857,0.8662504107142858,102.45160780357143,8.871190607142857
equal,28,0.3333,0.3333,0.3334,65,7634,55,0.8461538461538461,47,0.5314188307692307,0.48598375687712864,0.48598375687712864,0.5140162431228714,0.0,0.017666778883940266,0.18316769090909094,0.8793914727272729,101.0562736181818,9.063799527272726
equal,29,0.3333,0.3333,0.3334,64,7610,49,0.765625,43,0.38581748437499996,0.4235216819973719,0.4235216819973719,0.5764783180026282,0.0,-0.012617877923784491,0.1384634693877551,0.8585438367346939,102.72872728571427,8.839164897959183
equal,30,0.3333,0.3333,0.3334,63,7534,47,0.746031746031746,40,0.35414055555555557,0.36448101937881605,0.36448101937881605,0.635518980621184,0.0,-0.04164263472259092,0.13658410638297874,0.8650417872340426,100.2091055319149,8.797527617021276
energy_high,1,0.7,0.2,0.1,64,7629,46,0.71875,40,0.308954109375,0.28968410014418666,0.28968410014418666,0.7103158998558133,0.0,-0.07373161318652512,0.10879499999999996,0.864107239130435,106.08453895652174,8.669383130434783
energy_high,2,0.7,0.2,0.1,66,7664,51,0.7727272727272727,42,0.40154178787878786,0.42927974947807934,0.42927974947807934,0.5707202505219207,0.0,-0.008174965292275571,0.12705560784313724,0.8652072156862743,98.38262813725491,9.009443666666666
energy_high,3,0.7,0.2,0.1,64,7598,56,0.875,48,0.46199846875,0.5127665175046064,0.5127665175046064,0.4872334824953935,0.0,0.026967911818899716,0.12450894642857144,0.8788033392857144,103.87618239285715,8.799651428571428
energy_high,4,0.7,0.2,0.1,64,7621,53,0.828125,49,0.5050382343750001,0.5164676551633643,0.5164676551633643,0.4835323448366356,0.0,0.03396074425928356,0.15188635849056603,0.873152566037736,103.43678573584904,8.879732566037735
energy_high,5,0.7,0.2,0.1,68,7644,52,0.7647058823529411,41,0.38866657352941175,0.3823914181057038,0.3823914181057038,0.6176085818942961,0.0,-0.02006351818419676,0.13392825,0.8565615192307692,101.60659346153845,8.835251673076922
energy_high,6,0.7,0.2,0.1,66,7527,58,0.8787878787878788,52,0.5558780303030303,0.5529427394712368,0.5529427394712368,0.4470572605287631,0.0,0.0353783840839644,0.15514672413793107,0.839928275862069,97.01685801724138,9.055662344827587
energy_high,7,0.7,0.2,0.1,65,7605,50,0.7692307692307693,40,0.43543281538461537,0.39342537804076266,0.39342537804076266,0.6065746219592374,0.0,-0.03505788257725182,0.14553808000000001,0.8788043399999999,100.45084296,9.11680814
energy_high,8,0.7,0.2,0.1,64,7609,52,0.8125,47,0.406752625,0.41937179655670914,0.41937179655670914,0.5806282034432908,0.0,-0.02223908016822184,0.11362517307692309,0.8647674423076925,100.60241528846153,8.823555769230769
energy_high,9,0.7,0.2,0.1,64,7571,48,0.75,45,0.353366828125,0.34420816272619204,0.34420816272619204,0.655791837273808,0.0,-0.048975315678245944,0.10730679166666668,0.8637730208333334,102.44584933333333,8.7820541875
energy_high,10,0.7,0.2,0.1,64,7622,52,0.8125,45,0.397064578125,0.38703752295985305,0.38703752295985305,0.612962477040147,0.0,-0.032510252820781946,0.10471634615384615,0.8478889038461539,99.12729513461537,9.016270442307693
energy_high,11,0.7,0.2,0.1,66,7602,53,0.803030303030303,47,0.42376271212121214,0.4297553275453828,0.4297553275453828,0.5702446724546172,0.0,-0.010820034333070244,0.11237375471698113,0.8427959433962264,101.676975754717,8.60038788679245
energy_high,12,0.7,0.2,0.1,63,7627,47,0.746031746031746,41,0.4241110634920635,0.40920414317556053,0.40920414317556053,0.5907958568244395,0.0,-0.02468717451160352,0.14809974468085105,0.8570665319148937,96.58797634042553,8.972321617021274
energy_high,13,0.7,0.2,0.1,66,7586,49,0.7424242424242424,46,0.3394542727272727,0.34431848141312943,0.34431848141312943,0.6556815185868705,0.0,-0.041225167940943844,0.118493,0.8687510204081632,99.9692484489796,8.773819040816326
energy_high,14,0.7,0.2,0.1,66,7645,51,0.7727272727272727,44,0.3364639242424242,0.33237410071942447,0.33237410071942447,0.6676258992805756,0.0,-0.052390745977763255,0.10596699999999998,0.853104019607843,99.16580129411766,8.77440650980392
energy_high,15,0.7,0.2,0.1,65,7601,49,0.7538461538461538,45,0.38408858461538464,0.3642941718194974,0.3642941718194974,0.6357058281805026,0.0,-0.0406573398237074,0.124561693877551,0.8584661632653061,103.06164136734695,8.85523193877551
energy_high,16,0.7,0.2,0.1,66,7655,54,0.8181818181818182,45,0.4128648484848485,0.4182887001959504,0.4182887001959504,0.5817112998040497,0.0,-0.011215798040496406,0.11402683333333333,0.8955132222222223,105.15372953703707,8.996413018518519
energy_high,17,0.7,0.2,0.1,66,7585,49,0.7424242424242424,43,0.38506530303030306,0.4009228740936058,0.4009228740936058,0.5990771259063942,0.0,-0.02593551311799604,0.11241730612244898,0.8299820612244897,102.26326138775508,8.66531593877551
energy_high,18,0.7,0.2,0.1,64,7619,50,0.78125,39,0.397774109375,0.39020868880430504,0.39020868880430504,0.609791311195695,0.0,-0.033572442577766114,0.1195922,0.88292476,100.75158407999999,9.41929392
energy_high,19,0.7,0.2,0.1,63,7619,42,0.6666666666666666,36,0.343106,0.3570022312639454,0.3570022312639454,0.6429977687360546,0.0,-0.05239376978606117,0.12217342857142857,0.871331380952381,103.9896291904762,8.912221333333333
energy_high,20,0.7,0.2,0.1,63,7560,51,0.8095238095238095,44,0.4468816666666667,0.4527777777777778,0.4527777777777778,0.5472222222222223,0.0,-0.0019784958994709017,0.1347832745098039,0.869814862745098,104.07955119607843,8.916888411764706
energy_high,21,0.7,0.2,0.1,68,7618,53,0.7794117647058824,49,0.44851222058823526,0.4678393279075873,0.4678393279075873,0.5321606720924127,0.0,0.005531188500918879,0.13461575471698112,0.8484950188679244,98.25563803773584,9.009421056603774
energy_high,22,0.7,0.2,0.1,66,7600,57,0.8636363636363636,47,0.3483191515151515,0.35118421052631577,0.35118421052631577,0.6488157894736842,0.0,-0.03326727763157895,0.10340761403508772,0.8560727017543861,99.75000910526316,8.918088631578946
energy_high,23,0.7,0.2,0.1,64,7645,51,0.796875,43,0.40825468750000005,0.41007194244604317,0.41007194244604317,0.5899280575539568,0.0,-0.02906937056899934,0.11570543137254902,0.8713886666666667,101.5004871372549,9.192165725490197
energy_high,24,0.7,0.2,0.1,64,7575,49,0.765625,43,0.32088910937500004,0.34996699669966996,0.34996699669966996,0.65003300330033,0.0,-0.04501770072607261,0.0911194693877551,0.8329325102040817,99.35043497959184,8.655708938775511
energy_high,25,0.7,0.2,0.1,64,7590,48,0.75,41,0.40640970312499997,0.3844532279314888,0.3844532279314888,0.6155467720685112,0.0,-0.033698990645586305,0.11487339583333334,0.8721640833333334,101.40324058333333,9.104480645833334
energy_high,26,0.7,0.2,0.1,66,7530,50,0.7575757575757576,43,0.36915392424242427,0.3683930942895086,0.3683930942895086,0.6316069057104914,0.0,-0.03665125564409031,0.11941047999999999,0.8641940000000001,102.078321,8.95219468
energy_high,27,0.7,0.2,0.1,65,7559,56,0.8615384615384616,46,0.3841122,0.3683026855404154,0.3683026855404154,0.6316973144595845,0.0,-0.0347223288794814,0.11147266071428572,0.8556771607142858,101.84244482142857,8.940508392857144
energy_high,28,0.7,0.2,0.1,65,7634,55,0.8461538461538461,47,0.5118737076923077,0.46515588158239457,0.46515588158239457,0.5348441184176055,0.0,0.004642511003405817,0.14392243636363636,0.8815293818181819,105.00924029090909,9.023195218181819
energy_high,29,0.7,0.2,0.1,64,7610,49,0.765625,43,0.371026484375,0.4060446780551905,0.4060446780551905,0.5939553219448095,0.0,-0.021452753876478315,0.11064861224489797,0.8638313469387755,105.14370271428571,8.775875775510205
energy_high,30,0.7,0.2,0.1,63,7534,47,0.746031746031746,42,0.33647099999999996,0.34244757101141493,0.34244757101141493,0.6575524289885851,0.0,-0.04759268542606849,0.10489953191489362,0.8496290851063829,100.76149351063829,8.622615595744682
distance_high,1,0.2,0.7,0.1,64,7629,54,0.84375,41,0.3396625,0.3235024249573994,0.3235024249573994,0.6764975750426006,0.0,-0.07521268016778083,0.1675632777777778,0.8778191666666665,103.53390524074072,9.079021148148149
distance_high,2,0.2,0.7,0.1,66,7664,54,0.8181818181818182,46,0.43868210606060604,0.47116388308977036,0.47116388308977036,0.5288361169102297,0.0,0.018488233559498947,0.19398116666666668,0.8771197222222225,103.70461051851854,8.894156685185186
distance_high,3,0.2,0.7,0.1,64,7598,57,0.890625,51,0.5158723125,0.5639642011055541,0.5639642011055541,0.4360357988944459,0.0,0.06958833258752303,0.2241280175438596,0.893935052631579,104.17502684210527,9.08532347368421
distance_high,4,0.2,0.7,0.1,64,7621,60,0.9375,49,0.5401384062500001,0.5461225560950007,0.5461225560950007,0.45387744390499934,0.0,0.06823113029786117,0.26056418333333337,0.8883732166666667,106.1132063,9.045902566666665
distance_high,5,0.2,0.7,0.1,68,7644,54,0.7941176470588235,47,0.42928032352941176,0.413003663003663,0.413003663003663,0.586996336996337,0.0,-0.0049546605180533785,0.2073805925925926,0.8595086666666666,101.06152027777779,8.729735999999999
distance_high,6,0.2,0.7,0.1,66,7527,58,0.8787878787878788,48,0.5783223030303031,0.5995748638235685,0.5997077188787033,0.40029228112129667,0.0001328550551348479,0.08284935751295337,0.2600985344827586,0.847510551724138,98.37242989655174,8.840622189655171
distance_high,7,0.2,0.7,0.1,65,7605,54,0.8307692307692308,44,0.46769816923076923,0.4341880341880342,0.4341880341880342,0.5658119658119658,0.0,-0.01776105641025641,0.2245144074074074,0.8769505925925927,101.66457953703706,8.97791175925926
distance_high,8,0.2,0.7,0.1,64,7609,57,0.890625,51,0.438449140625,0.4614272571954265,0.4614272571954265,0.5385727428045736,0.0,-0.006951858588513599,0.19933814035087719,0.8773539649122808,102.7243966491228,8.982929140350878
distance_high,9,0.2,0.7,0.1,64,7571,51,0.796875,42,0.38450315625000003,0.38396513010170386,0.38396513010170386,0.6160348698982961,0.0,-0.04078109417514198,0.18183941176470586,0.8544521568627451,99.3251045490196,8.831454176470588
distance_high,10,0.2,0.7,0.1,64,7622,56,0.875,51,0.43530817187500004,0.43505641563893993,0.43505641563893993,0.5649435843610601,0.0,-0.013647603253739175,0.18824023214285712,0.8717479285714286,100.93828891071428,8.960927392857142
distance_high,11,0.2,0.7,0.1,66,7602,61,0.9242424242424242,49,0.4731208333333333,0.4746119442252039,0.4746119442252039,0.5253880557747961,0.0,0.012280778742436207,0.195404868852459,0.8444992459016395,96.69027519672132,8.779662295081966
distance_high,12,0.2,0.7,0.1,63,7627,52,0.8253968253968254,49,0.46379231746031746,0.4491936541235086,0.4491936541235086,0.5508063458764915,0.0,-0.003454064638783266,0.22183178846153845,0.8718463269230767,100.24312675,8.934290076923077
distance_high,13,0.2,0.7,0.1,66,7586,59,0.8939393939393939,48,0.402416696969697,0.38966517268652784,0.38966517268652784,0.6103348273134722,0.0,-0.025358113630371736,0.1800780677966102,0.8748759152542374,102.53681018644068,8.899016457627118
distance_high,14,0.2,0.7,0.1,66,7645,59,0.8939393939393939,54,0.3713406212121212,0.3708306082406802,0.3708306082406802,0.6291693917593199,0.0,-0.0434930243296272,0.16046435593220337,0.8576212372881357,101.57515905084746,8.542070118644068
distance_high,15,0.2,0.7,0.1,65,7601,59,0.9076923076923077,50,0.4208949384615384,0.40297329298776474,0.40297329298776474,0.5970267070122353,0.0,-0.03130499158005525,0.1849613559322034,0.8566554576271186,98.83431069491526,8.522259440677965
distance_high,16,0.2,0.7,0.1,66,7655,55,0.8333333333333334,49,0.43862471212121207,0.46087524493794907,0.46087524493794907,0.5391247550620509,0.0,0.010286035140431091,0.2109297636363636,0.896681018181818,108.33511509090911,9.023415654545452
distance_high,17,0.2,0.7,0.1,66,7585,52,0.7878787878787878,48,0.41983874242424246,0.4313777191825972,0.4313777191825972,0.5686222808174027,0.0,-0.013445916677653264,0.19901653846153847,0.8457174230769229,102.96436501923077,8.342455076923075
distance_high,18,0.2,0.7,0.1,64,7619,57,0.890625,47,0.44707421875,0.4400840005250033,0.4400840005250033,0.5599159994749967,0.0,-0.011455547053419083,0.1949359298245614,0.8912826315789473,101.02364921052632,9.255320368421051
distance_high,19,0.2,0.7,0.1,63,7619,53,0.8412698412698413,47,0.3851185555555555,0.3963774773592335,0.3963774773592335,0.6036225226407665,0.0,-0.04313761228507678,0.15844971698113208,0.8456840188679247,97.73041286792451,8.66614458490566
distance_high,20,0.2,0.7,0.1,63,7560,53,0.8412698412698413,45,0.47687698412698415,0.483994708994709,0.483994708994709,0.516005291005291,0.0,0.019441886507936507,0.23826911320754718,0.8780899056603775,103.85844124528302,8.961119490566038
distance_high,21,0.2,0.7,0.1,68,7618,57,0.8382352941176471,55,0.46506923529411764,0.5060383302704122,0.5060383302704122,0.4939616697295878,0.0,0.026993691257547914,0.21403445614035088,0.8679140175438597,104.72212624561405,8.642656684210527
distance_high,22,0.2,0.7,0.1,66,7600,61,0.9242424242424242,56,0.38972463636363636,0.39394736842105266,0.39394736842105266,0.6060526315789474,0.0,-0.0132492822368421,0.16793432786885248,0.8582144754098361,101.72885832786886,8.580381000000001
distance_high,23,0.2,0.7,0.1,64,7645,56,0.875,50,0.4406045625,0.44643557880967955,0.44643557880967955,0.5535644211903205,0.0,-0.011432419228253764,0.18142780357142857,0.8711996607142857,101.77357994642857,8.856752267857143
distance_high,24,0.2,0.7,0.1,64,7575,55,0.859375,50,0.37008953125,0.39920792079207923,0.39920792079207923,0.6007920792079208,0.0,-0.033661128844884494,0.1490060727272727,0.8684416,99.62441927272725,8.894387345454545
distance_high,25,0.2,0.7,0.1,64,7590,53,0.828125,47,0.439676890625,0.42292490118577075,0.42292490118577075,0.5770750988142292,0.0,-0.018870769960474303,0.19544177358490566,0.8666455660377358,105.31495005660379,8.756953150943398
distance_high,26,0.2,0.7,0.1,66,7530,59,0.8939393939393939,46,0.41256790909090907,0.41075697211155376,0.41075697211155376,0.5892430278884462,0.0,-0.020663509030544487,0.18390396610169488,0.856087813559322,99.63258188135592,8.851867711864408
distance_high,27,0.2,0.7,0.1,65,7559,59,0.9076923076923077,51,0.4245685076923077,0.4019050138907263,0.4019050138907263,0.5980949861092737,0.0,-0.024590503902632628,0.18487642372881355,0.8655454237288136,99.95641693220337,8.88680052542373
distance_high,28,0.2,0.7,0.1,65,7634,59,0.9076923076923077,51,0.5494984769230769,0.5049777312025151,0.5049777312025151,0.49502226879748495,0.0,0.03582620906471052,0.23794820338983053,0.8938493898305085,104.85511767796612,9.140657559322033
distance_high,29,0.2,0.7,0.1,64,7610,54,0.84375,48,0.4112668125,0.4473061760840999,0.4473061760840999,0.5526938239159002,0.0,-0.0026538455978975064,0.1811477037037037,0.8688186666666666,100.31995644444443,8.886872462962963
distance_high,30,0.2,0.7,0.1,63,7534,57,0.9047619047619048,46,0.3721674603174603,0.38346164056278204,0.38346164056278204,0.6165383594372179,0.0,-0.03609410114149189,0.15948571929824562,0.8563950877192983,101.16808096491229,8.677967192982456
time_high,1,0.2,0.1,0.7,64,7629,46,0.71875,37,0.316125515625,0.2978109844016254,0.2978109844016254,0.7021890155983747,0.0,-0.06922295136977323,0.10052115217391303,0.8747772608695652,100.95870467391302,9.157457499999998
time_high,2,0.2,0.1,0.7,66,7664,51,0.7727272727272727,43,0.4138933181818182,0.4419363256784969,0.4419363256784969,0.5580636743215032,0.0,-0.0033603144572025073,0.11810403921568627,0.8753319411764707,102.22966752941177,9.268115235294118
time_high,3,0.2,0.1,0.7,64,7598,56,0.875,50,0.475967015625,0.5294814424848644,0.5294814424848644,0.47051855751513555,0.0,0.032806869834166884,0.11537814285714286,0.8699378571428572,104.73033558928572,8.7434045
time_high,4,0.2,0.1,0.7,64,7621,53,0.828125,44,0.528720265625,0.5343130822726676,0.5343130822726676,0.4656869177273324,0.0,0.03986761133709486,0.1564190754716981,0.880383886792453,102.73090641509432,9.218720226415096
time_high,5,0.2,0.1,0.7,68,7644,52,0.7647058823529411,46,0.4034949411764706,0.391287284144427,0.391287284144427,0.608712715855573,0.0,-0.015083772239665094,0.115968,0.8500271153846156,102.12335536538461,8.858335057692308
time_high,6,0.2,0.1,0.7,66,7527,58,0.8787878787878788,49,0.5810217424242425,0.579912315663611,0.579912315663611,0.420087684336389,0.0,0.042276722332934766,0.1428538448275862,0.8269188965517241,96.41430603448275,8.729964948275862
time_high,7,0.2,0.1,0.7,65,7605,50,0.7692307692307693,43,0.4539106923076924,0.4084155161078238,0.4084155161078238,0.5915844838921762,0.0,-0.028957919263642336,0.12737701999999998,0.8715696999999999,100.73723832000002,8.91066874
time_high,8,0.2,0.1,0.7,64,7609,52,0.8125,45,0.42924615625,0.43987383361808385,0.43987383361808385,0.5601261663819161,0.0,-0.014044919831778161,0.09546213461538461,0.8691788846153847,102.50185694230768,8.797410346153846
time_high,9,0.2,0.1,0.7,64,7571,48,0.75,40,0.364297015625,0.35622771100250955,0.35622771100250955,0.6437722889974904,0.0,-0.04300409245806367,0.10278629166666664,0.8572936041666667,97.16463329166668,8.904489854166668
time_high,10,0.2,0.1,0.7,64,7622,52,0.8125,50,0.41378895312499997,0.4048806087641039,0.4048806087641039,0.5951193912358961,0.0,-0.025219579113093683,0.10572832692307693,0.853996423076923,103.74983586538461,8.732360096153847
time_high,11,0.2,0.1,0.7,66,7602,54,0.8181818181818182,47,0.4468448787878788,0.4508024204156801,0.4508024204156801,0.5491975795843199,0.0,-0.002917298474085766,0.12078409259259261,0.8214743888888889,100.75779859259261,8.724246074074074
time_high,12,0.2,0.1,0.7,63,7627,47,0.746031746031746,41,0.43761763492063493,0.4221843450898125,0.4221843450898125,0.5778156549101875,0.0,-0.020406878851448797,0.1372594255319149,0.8540103829787234,99.2100940425532,8.892598957446808
time_high,13,0.2,0.1,0.7,66,7586,49,0.7424242424242424,42,0.3547696363636363,0.36264170841022936,0.36264170841022936,0.6373582915897706,0.0,-0.034546296203532834,0.10095391836734693,0.8603624285714285,103.12013608163265,8.838143918367347
time_high,14,0.2,0.1,0.7,66,7645,51,0.7727272727272727,44,0.3498796515151515,0.345192936559843,0.345192936559843,0.6548070634401569,0.0,-0.047371103858731195,0.10096758823529413,0.8544598627450979,101.27029960784314,8.572985176470588
time_high,15,0.2,0.1,0.7,65,7601,48,0.7384615384615385,42,0.3900676153846154,0.37692408893566637,0.37692408893566637,0.6230759110643337,0.0,-0.03501266004473095,0.12143854166666668,0.8530243125,102.23775272916667,8.68656925
time_high,16,0.2,0.1,0.7,66,7655,54,0.8181818181818182,47,0.4427619393939394,0.4361854996734161,0.4361854996734161,0.563814500326584,0.0,-0.0052718629653821,0.12131564814814812,0.8912609444444444,106.19418466666669,9.072226462962963
time_high,17,0.2,0.1,0.7,66,7585,49,0.7424242424242424,45,0.4021712575757576,0.4159525379037574,0.4159525379037574,0.5840474620962426,0.0,-0.019429900593276195,0.11292534693877551,0.8277970204081634,97.14065373469386,8.480972469387757
time_high,18,0.2,0.1,0.7,64,7619,50,0.78125,39,0.4176820625,0.40976506103163146,0.40976506103163146,0.5902349389683685,0.0,-0.027611056306601912,0.11162586000000001,0.87448794,100.05303448,9.201737860000001
time_high,19,0.2,0.1,0.7,63,7619,42,0.6666666666666666,36,0.3597069523809524,0.36999606247539046,0.36999606247539046,0.6300039375246095,0.0,-0.04620185890536816,0.11576085714285712,0.860451761904762,101.73171085714287,8.664125404761904
time_high,20,0.2,0.1,0.7,63,7560,51,0.8095238095238095,42,0.4656926984126984,0.4716931216931217,0.4716931216931217,0.5283068783068783,0.0,0.0058838239417989425,0.13742598039215687,0.8643958235294118,102.00460264705882,8.93622019607843
time_high,21,0.2,0.1,0.7,68,7618,53,0.7794117647058824,49,0.4630394852941176,0.4807035967445524,0.4807035967445524,0.5192964032554476,0.0,0.013000900236282491,0.12644128301886792,0.8504208113207546,103.31634645283017,8.87447537735849
time_high,22,0.2,0.1,0.7,66,7600,57,0.8636363636363636,44,0.3597917272727273,0.36328947368421055,0.36328947368421055,0.6367105263157895,0.0,-0.02670233289473684,0.08760959649122808,0.8433772105263159,98.53615575438597,8.901086175438596
time_high,23,0.2,0.1,0.7,64,7645,51,0.796875,40,0.4304776875,0.43623283191628515,0.43623283191628515,0.5637671680837149,0.0,-0.019806061608894702,0.12338103921568629,0.8638470196078433,100.24686439215687,8.938752039215688
time_high,24,0.2,0.1,0.7,64,7575,49,0.765625,44,0.337976375,0.3675247524752475,0.3675247524752475,0.6324752475247525,0.0,-0.03878323128712872,0.08645859183673471,0.8414254081632653,103.06753163265306,8.601713959183673
time_high,25,0.2,0.1,0.7,64,7590,48,0.75,43,0.42091378125,0.39776021080368906,0.39776021080368906,0.6022397891963109,0.0,-0.028805688405797104,0.11163704166666666,0.8797580000000002,102.45270635416666,8.98511425
time_high,26,0.2,0.1,0.7,66,7530,52,0.7878787878787878,46,0.3849088333333333,0.38100929614873835,0.38100929614873835,0.6189907038512616,0.0,-0.03186033439575033,0.10833109615384615,0.8400238846153846,99.86281773076922,8.785972192307693
time_high,27,0.2,0.1,0.7,65,7559,56,0.8615384615384616,47,0.40848,0.3890726286545839,0.3890726286545839,0.6109273713454161,0.0,-0.026748919301494912,0.09756910714285714,0.8601835535714285,100.93286025,8.938755928571428
time_high,28,0.2,0.1,0.7,65,7634,55,0.8461538461538461,46,0.5267867538461539,0.4812680115273775,0.4812680115273775,0.5187319884726225,0.0,0.010515503143830237,0.1512182909090909,0.8720557818181818,101.14491696363638,9.0968886
time_high,29,0.2,0.1,0.7,64,7610,49,0.765625,41,0.384703515625,0.4211563731931669,0.4211563731931669,0.5788436268068331,0.0,-0.015384659789750324,0.11003238775510205,0.8464273265306123,102.15002540816326,8.897435510204081
time_high,30,0.2,0.1,0.7,63,7534,47,0.746031746031746,41,0.34796468253968255,0.3545261481284842,0.3545261481284842,0.6454738518715158,0.0,-0.04247715503052827,0.10493942553191486,0.8652200851063828,100.10923204255317,8.83634604255319
no_energy,1,0.0,0.6,0.4,64,7629,50,0.78125,42,0.33489382812499996,0.31825927382356795,0.31825927382356795,0.681740726176432,0.0,-0.07281022466902608,0.17003389999999996,0.8752147000000002,104.83987512,8.76611852
no_energy,2,0.0,0.6,0.4,66,7664,51,0.7727272727272727,41,0.4368033939393939,0.46751043841336115,0.46751043841336115,0.5324895615866388,0.0,0.01822917406054279,0.20907127450980395,0.8830481372549019,101.88350056862747,9.269071431372549
no_energy,3,0.0,0.6,0.4,64,7598,56,0.875,47,0.51505028125,0.5650171097657278,0.5650171097657278,0.43498289023427217,0.0,0.06824578217952093,0.215361,0.8855050714285715,104.28204616071427,9.061747821428572
no_energy,4,0.0,0.6,0.4,64,7621,55,0.859375,46,0.532408703125,0.5469098543498229,0.5469098543498229,0.45309014565017713,0.0,0.06775747841490617,0.2560992181818182,0.8687616181818181,103.27240772727271,8.882641799999998
no_energy,5,0.0,0.6,0.4,68,7644,52,0.7647058823529411,47,0.42532927941176474,0.4094714809000523,0.4094714809000523,0.5905285190999476,0.0,-0.003975632129774978,0.21331430769230766,0.8600831730769231,103.62894067307693,8.653489615384617
no_energy,6,0.0,0.6,0.4,66,7527,58,0.8787878787878788,50,0.5959684393939394,0.6024976750365352,0.6024976750365352,0.3975023249634649,0.0,0.08155146366414241,0.24021370689655172,0.8505959310344827,100.11481017241381,9.001737431034483
no_energy,7,0.0,0.6,0.4,65,7605,52,0.8,40,0.47967238461538464,0.43602892833662066,0.43602892833662066,0.5639710716633793,0.0,-0.01644070427350428,0.22323032692307693,0.8897700961538462,101.03520328846156,9.3036825
no_energy,8,0.0,0.6,0.4,64,7609,53,0.828125,42,0.4384865312499999,0.46195295045341045,0.46195295045341045,0.5380470495465896,0.0,-0.004383408463661453,0.1950901886792453,0.8905841509433962,104.8337748679245,9.201269679245282
no_energy,9,0.0,0.6,0.4,64,7571,49,0.765625,45,0.383005515625,0.38343679830933824,0.38343679830933824,0.6165632016906617,0.0,-0.038614808743891164,0.18233118367346937,0.8808055102040816,102.33634789795919,8.891507979591838
no_energy,10,0.0,0.6,0.4,64,7622,52,0.8125,44,0.43569310937500005,0.4340068223563369,0.4340068223563369,0.5659931776436631,0.0,-0.011888506953555497,0.18048688461538462,0.8795291923076923,106.55701992307692,8.887091384615385
no_energy,11,0.0,0.6,0.4,66,7602,58,0.8787878787878788,48,0.4659498787878788,0.47592738752959746,0.47592738752959746,0.5240726124704025,0.0,0.013922043672717712,0.19601008620689656,0.8527159137931035,100.61411474137931,8.728554862068966
no_energy,12,0.0,0.6,0.4,63,7627,48,0.7619047619047619,38,0.46265471428571436,0.44840697521961453,0.44840697521961453,0.5515930247803855,0.0,-0.0034372641929985574,0.22982602083333334,0.8715084166666666,100.16766133333333,8.973871541666666
no_energy,13,0.0,0.6,0.4,66,7586,58,0.8787878787878788,49,0.40171866666666667,0.38874242024782496,0.38874242024782496,0.6112575797521751,0.0,-0.023605433957289743,0.17847618965517242,0.8717104999999999,99.0143097413793,8.828147896551725
no_energy,14,0.0,0.6,0.4,66,7645,53,0.803030303030303,46,0.368372,0.368214519293656,0.368214519293656,0.631785480706344,0.0,-0.041872980248528445,0.15523694339622643,0.8647596792452831,104.03866830188679,8.699478584905659
no_energy,15,0.0,0.6,0.4,65,7601,54,0.8307692307692308,45,0.42039386153846153,0.4034995395342718,0.4034995395342718,0.5965004604657282,0.0,-0.02941791369556637,0.18384918518518512,0.8740704999999999,99.78790500000001,8.958799981481482
no_energy,16,0.0,0.6,0.4,66,7655,54,0.8181818181818182,47,0.4435750606060606,0.45852384062704116,0.45852384062704116,0.5414761593729589,0.0,0.011107866753755715,0.21164327777777772,0.8976250740740743,106.43640468518521,8.956970851851851
no_energy,17,0.0,0.6,0.4,66,7585,50,0.7575757575757576,44,0.42210377272727273,0.43111404087013844,0.43111404087013844,0.5688859591298616,0.0,-0.011442113381674356,0.19305898000000002,0.84290882,101.6921607,8.577532600000001
no_energy,18,0.0,0.6,0.4,64,7619,53,0.828125,44,0.44812315625,0.4410027562672267,0.4410027562672267,0.5589972437327734,0.0,-0.010686503346895918,0.18772407547169806,0.8827796603773586,103.7294133018868,9.000848245283018
no_energy,19,0.0,0.6,0.4,63,7619,48,0.7619047619047619,42,0.3856744603174603,0.3959837248982806,0.3959837248982806,0.6040162751017194,0.0,-0.040967253051581574,0.17513175000000003,0.8749706666666667,100.34995027083335,9.0404850625
no_energy,20,0.0,0.6,0.4,63,7560,51,0.8095238095238095,46,0.4794774603174603,0.4871693121693122,0.4871693121693122,0.5128306878306879,0.0,0.021230926455026458,0.23823056862745098,0.8785447843137254,103.99335427450981,8.941733019607842
no_energy,21,0.0,0.6,0.4,68,7618,54,0.7941176470588235,50,0.46760572058823535,0.5068259385665529,0.5068259385665529,0.4931740614334471,0.0,0.028582258466789183,0.21383418518518518,0.8616758888888889,101.72242535185185,8.841667574074073
no_energy,22,0.0,0.6,0.4,66,7600,60,0.9090909090909091,52,0.3915750757575758,0.3919736842105263,0.3919736842105263,0.6080263157894736,0.0,-0.011968497894736843,0.17301381666666668,0.8698678999999999,100.68463256666665,9.188261533333334
no_energy,23,0.0,0.6,0.4,64,7645,51,0.796875,44,0.445510296875,0.45454545454545453,0.45454545454545453,0.5454545454545454,0.0,-0.008564455853499017,0.20342960784313724,0.8843561960784313,102.08078150980391,9.283380901960784
no_energy,24,0.0,0.6,0.4,64,7575,50,0.78125,40,0.36148465625000004,0.3963036303630363,0.3963036303630363,0.6036963696369637,0.0,-0.03167958429042904,0.15751594000000002,0.8659628,101.86622582,8.84872348
no_energy,25,0.0,0.6,0.4,64,7590,50,0.78125,43,0.44078629687500004,0.4226613965744401,0.4226613965744401,0.57733860342556,0.0,-0.017906986693017136,0.20487909999999998,0.8820848999999998,102.8275478,9.094534979999999
no_energy,26,0.0,0.6,0.4,66,7530,55,0.8333333333333334,46,0.40781107575757575,0.40677290836653385,0.40677290836653385,0.5932270916334661,0.0,-0.01986679867197875,0.17158619999999997,0.8741789272727274,104.66178914545455,8.97541210909091
no_energy,27,0.0,0.6,0.4,65,7559,58,0.8923076923076924,47,0.4275389076923077,0.4034925254663315,0.4034925254663315,0.5965074745336685,0.0,-0.021617026458526263,0.17251084482758622,0.8625189137931034,99.47529139655174,8.98611727586207
no_energy,28,0.0,0.6,0.4,65,7634,57,0.8769230769230769,51,0.5527702769230769,0.505501702908043,0.505501702908043,0.49449829709195703,0.0,0.03564428111082001,0.22440933333333332,0.8842220701754386,105.4087415263158,9.157462526315788
no_energy,29,0.0,0.6,0.4,64,7610,52,0.8125,45,0.4058738125,0.4440210249671485,0.4440210249671485,0.5559789750328515,0.0,-0.0014996687253613634,0.18321261538461542,0.8640316538461537,102.12618030769228,8.772585307692308
no_energy,30,0.0,0.6,0.4,63,7534,49,0.7777777777777778,43,0.36933050793650785,0.38213432439607115,0.38213432439607115,0.6178656756039289,0.0,-0.03468628391292806,0.1795142244897959,0.862996775510204,99.39217114285714,8.744202428571429
no_distance,1,0.7143,0.0,0.2857,64,7629,46,0.71875,41,0.308317703125,0.2902084152575698,0.2902084152575698,0.7097915847424302,0.0,-0.07183537042862762,0.06925897826086957,0.8596236521739129,102.27295036956521,8.738250347826085
no_distance,2,0.7143,0.0,0.2857,66,7664,51,0.7727272727272727,44,0.39301298484848485,0.4204070981210856,0.4204070981210856,0.5795929018789144,0.0,-0.015699584551148223,0.09410337254901961,0.8650304117647059,102.32392145098038,8.913229333333332
no_distance,3,0.7143,0.0,0.2857,64,7598,55,0.859375,49,0.44872728125000005,0.5002632271650435,0.5002632271650435,0.49973677283495654,0.0,0.014365082784943403,0.10375401818181819,0.8453528909090908,102.430175,8.584471654545455
no_distance,4,0.7143,0.0,0.2857,64,7621,53,0.828125,42,0.5123259375,0.5184359008004199,0.5184359008004199,0.4815640991995801,0.0,0.02420216546384989,0.12041639622641509,0.8775755849056602,102.07894977358491,9.176400396226414
no_distance,5,0.7143,0.0,0.2857,68,7644,52,0.7647058823529411,41,0.38948951470588233,0.38330716902145473,0.38330716902145473,0.6166928309785452,0.0,-0.02363047998430141,0.1035325,0.8217005192307691,97.77356082692312,8.888965173076924
no_distance,6,0.7143,0.0,0.2857,66,7527,58,0.8787878787878788,51,0.5457449242424243,0.5346087418626279,0.5346087418626279,0.46539125813737214,0.0,0.021463510429121823,0.12212120689655173,0.8188346896551725,99.99417362068965,8.386865362068965
no_distance,7,0.7143,0.0,0.2857,65,7605,50,0.7692307692307693,43,0.4112863230769231,0.37646285338593033,0.37646285338593033,0.6235371466140697,0.0,-0.03901802735042735,0.10392576,0.8704956200000001,99.61253891999999,8.99684928
no_distance,8,0.7143,0.0,0.2857,64,7609,52,0.8125,42,0.39407076562500004,0.40228676567223026,0.40228676567223026,0.5977132343277698,0.0,-0.024871631357602838,0.08257288461538462,0.86762375,101.55449532692309,9.078199519230768
no_distance,9,0.7143,0.0,0.2857,64,7571,48,0.75,43,0.347732015625,0.33694360058116496,0.33694360058116496,0.663056399418835,0.0,-0.04989772830537578,0.08914241666666667,0.8313045625000001,100.42016047916667,8.8847299375
no_distance,10,0.7143,0.0,0.2857,64,7622,53,0.828125,46,0.3911650625,0.3741800052479664,0.3741800052479664,0.6258199947520335,0.0,-0.03663128719496195,0.07145260377358491,0.831645320754717,101.38006683018865,8.544975716981135
no_distance,11,0.7143,0.0,0.2857,66,7602,53,0.803030303030303,44,0.42238881818181817,0.42173112338858193,0.42173112338858193,0.578268876611418,0.0,-0.01618455932649303,0.10172828301886795,0.8291174905660379,101.1022472830189,8.913401433962264
no_distance,12,0.7143,0.0,0.2857,63,7627,47,0.746031746031746,39,0.4090511904761905,0.3950439229054674,0.3950439229054674,0.6049560770945326,0.0,-0.030541245050478557,0.11276293617021277,0.8488851063829786,98.38737674468084,8.950996659574468
no_distance,13,0.7143,0.0,0.2857,66,7586,50,0.7575757575757576,42,0.3378396515151515,0.34141840232006326,0.34141840232006326,0.6585815976799367,0.0,-0.0445227706301081,0.08393654,0.84159762,96.89924818,9.032241860000001
no_distance,14,0.7143,0.0,0.2857,66,7645,51,0.7727272727272727,41,0.33629804545454545,0.33067364290385876,0.33067364290385876,0.6693263570961413,0.0,-0.05384553198168739,0.08166396078431373,0.8395291960784312,99.30023447058824,9.065648568627452
no_distance,15,0.7143,0.0,0.2857,65,7601,47,0.7230769230769231,41,0.36878478461538455,0.36337324036311014,0.36337324036311014,0.6366267596368899,0.0,-0.042072371398500195,0.0942941914893617,0.8460570851063829,100.21309408510635,9.21022659574468
no_distance,16,0.7143,0.0,0.2857,66,7655,54,0.8181818181818182,45,0.4120573181818182,0.4125408229915088,0.4125408229915088,0.5874591770084912,0.0,-0.016645862050947095,0.09394709259259258,0.8630320740740741,104.5018552037037,8.912641037037035
no_distance,17,0.7143,0.0,0.2857,66,7585,49,0.7424242424242424,44,0.38217887878787876,0.3969676994067238,0.3969676994067238,0.6030323005932762,0.0,-0.02814485023071852,0.08078934693877551,0.8292404489795918,101.3352887346939,8.504050102040816
no_distance,18,0.7143,0.0,0.2857,64,7619,50,0.78125,40,0.3853396875,0.3730148313426959,0.3730148313426959,0.6269851686573041,0.0,-0.039205160257251605,0.0935823,0.8681375200000001,100.14990892000002,8.98405464
no_distance,19,0.7143,0.0,0.2857,63,7619,42,0.6666666666666666,38,0.33343193650793645,0.3433521459509122,0.3433521459509122,0.6566478540490878,0.0,-0.05360683475521722,0.09494411904761904,0.8598246904761905,103.67416552380953,8.989703404761904
no_distance,20,0.7143,0.0,0.2857,63,7560,51,0.8095238095238095,44,0.44238644444444447,0.4470899470899471,0.4470899470899471,0.5529100529100529,0.0,-0.006787297222222219,0.10206464705882354,0.863465156862745,105.09296480392156,8.812434588235295
no_distance,21,0.7143,0.0,0.2857,68,7618,54,0.7941176470588235,48,0.4474957794117647,0.4616697295878183,0.4616697295878183,0.5383302704121816,0.0,0.0005866422945654993,0.09958175925925926,0.8277175925925926,102.63628433333335,8.65001461111111
no_distance,22,0.7143,0.0,0.2857,66,7600,58,0.8787878787878788,46,0.3461695151515151,0.34710526315789475,0.34710526315789475,0.6528947368421053,0.0,-0.038003639473684216,0.07680162068965518,0.8380587586206896,95.72467032758621,9.041219655172414
no_distance,23,0.7143,0.0,0.2857,64,7645,52,0.8125,43,0.404238046875,0.39542184434270766,0.39542184434270766,0.6045781556572923,0.0,-0.03216539437540875,0.08898125,0.8456566538461538,99.8738903846154,9.051864096153846
no_distance,24,0.7143,0.0,0.2857,64,7575,49,0.765625,45,0.318228765625,0.3398019801980198,0.3398019801980198,0.6601980198019802,0.0,-0.04692770402640264,0.07426110204081632,0.8335407346938776,102.43958012244897,8.68933755102041
no_distance,25,0.7143,0.0,0.2857,64,7590,47,0.734375,43,0.39216521875,0.37061923583662715,0.37061923583662715,0.6293807641633729,0.0,-0.037197922134387364,0.09394023404255321,0.8516432978723405,105.22090246808511,8.415802978723404
no_distance,26,0.7143,0.0,0.2857,66,7530,52,0.7878787878787878,40,0.36484548484848484,0.3569721115537849,0.3569721115537849,0.6430278884462152,0.0,-0.04057396958831341,0.08676384615384615,0.8443915192307692,100.85035684615386,8.871322769230769
no_distance,27,0.7143,0.0,0.2857,65,7559,56,0.8615384615384616,44,0.38294326153846153,0.3720068792168276,0.3720068792168276,0.6279931207831724,0.0,-0.03568009961635138,0.07178876785714286,0.8397775000000001,95.46022798214287,8.963892410714285
no_distance,28,0.7143,0.0,0.2857,65,7634,56,0.8615384615384616,45,0.5107334923076923,0.46030914330626144,0.46030914330626144,0.5396908566937385,0.0,-0.004082979565103484,0.13130610714285715,0.835668392857143,98.13159623214285,8.790896410714286
no_distance,29,0.7143,0.0,0.2857,64,7610,49,0.765625,44,0.36796264062499995,0.4014454664914586,0.4014454664914586,0.5985545335085414,0.0,-0.02593052194480946,0.07517144897959184,0.8405995306122449,103.10809536734693,8.715949102040817
no_distance,30,0.7143,0.0,0.2857,63,7534,48,0.7619047619047619,38,0.3306124603174603,0.3327581629944253,0.3327581629944253,0.6672418370055747,0.0,-0.04989701234404035,0.08154493750000001,0.8208737291666667,100.43971700000002,8.683992666666667
no_time,1,0.625,0.375,0.0,64,7629,46,0.71875,37,0.3168130625,0.2978109844016254,0.2978109844016254,0.7021890155983747,0.0,-0.07495199475684887,0.11929558695652172,0.8901352826086956,104.0461147826087,9.184990695652171
no_time,2,0.625,0.375,0.0,66,7664,51,0.7727272727272727,43,0.4131601818181818,0.44154488517745305,0.44154488517745305,0.558455114822547,0.0,-0.000534093162839249,0.14594960784313724,0.8796717843137255,102.6437957647059,9.21451462745098
no_time,3,0.625,0.375,0.0,64,7598,56,0.875,52,0.4848224375,0.5350092129507765,0.5350092129507765,0.4649907870492235,0.0,0.03949124006317452,0.16356725,0.8857876785714286,104.24974971428571,8.9454405
no_time,4,0.625,0.375,0.0,64,7621,53,0.828125,50,0.5125404062500001,0.525390368718016,0.525390368718016,0.47460963128198397,0.0,0.04382855465162053,0.18238560377358495,0.8924307924528303,107.07015241509434,9.02035250943396
no_time,5,0.625,0.375,0.0,68,7644,52,0.7647058823529411,45,0.4024519411764706,0.391548927263213,0.391548927263213,0.608451072736787,0.0,-0.016108957221350088,0.14295861538461538,0.8602721923076925,104.03851859615385,8.820771942307692
no_time,6,0.625,0.375,0.0,66,7527,58,0.8787878787878788,52,0.5707131060606061,0.5727381426863292,0.5727381426863292,0.4272618573136708,0.0,0.04926115769895043,0.1870551551724138,0.8293352586206896,99.34107055172414,8.535734103448275
no_time,7,0.625,0.375,0.0,65,7605,50,0.7692307692307693,41,0.4499396769230769,0.40828402366863903,0.40828402366863903,0.591715976331361,0.0,-0.03059722353714661,0.16310360000000002,0.8885171,103.23182614000001,9.23806018
no_time,8,0.625,0.375,0.0,64,7609,52,0.8125,42,0.4174744375,0.4357997108687081,0.4357997108687081,0.5642002891312919,0.0,-0.018763845051912212,0.1292643461538462,0.8793133076923078,101.36531,9.12034848076923
no_time,9,0.625,0.375,0.0,64,7571,48,0.75,44,0.35902571875,0.355699379210144,0.355699379210144,0.6443006207898561,0.0,-0.047375618544445906,0.13003747916666666,0.8721137083333333,100.97132331249999,8.987397395833334
no_time,10,0.625,0.375,0.0,64,7622,52,0.8125,48,0.4148975625,0.40907898189451586,0.40907898189451586,0.5909210181054841,0.0,-0.027752182629231174,0.1289445,0.8608566153846154,101.84615667307692,8.772727942307693
no_time,11,0.625,0.375,0.0,66,7602,53,0.803030303030303,44,0.4355537727272727,0.44777690081557486,0.44777690081557486,0.5522230991844251,0.0,-0.004821886082609839,0.14767890566037736,0.8361163018867925,99.35706958490567,8.724087830188681
no_time,12,0.625,0.375,0.0,63,7627,47,0.746031746031746,42,0.43826730158730165,0.42441326865084567,0.42441326865084567,0.5755867313491543,0.0,-0.018676706044316246,0.1718915744680851,0.8669199574468084,96.64990482978723,8.857318936170213
no_time,13,0.625,0.375,0.0,66,7586,52,0.7878787878787878,44,0.35623231818181816,0.36185077774848406,0.36185077774848406,0.6381492222515159,0.0,-0.03731372277880306,0.12823709615384615,0.85651525,99.072993,8.869735769230768
no_time,14,0.625,0.375,0.0,66,7645,51,0.7727272727272727,41,0.3448131363636363,0.34270765206017006,0.34270765206017006,0.6572923479398299,0.0,-0.05040973577501636,0.13580111764705882,0.861313294117647,103.40750276470588,8.91548862745098
no_time,15,0.625,0.375,0.0,65,7601,49,0.7538461538461538,41,0.3972487076923077,0.37823970530193396,0.37823970530193396,0.621760294698066,0.0,-0.03863652729903961,0.13436236734693877,0.8580749387755102,101.11127597959184,8.972945081632654
no_time,16,0.625,0.375,0.0,66,7655,54,0.8181818181818182,43,0.41557425757575756,0.43383409536250817,0.43383409536250817,0.5661659046374918,0.0,-0.005397601698236445,0.1682424259259259,0.8900175740740741,106.10282648148149,9.033554166666669
no_time,17,0.625,0.375,0.0,66,7585,50,0.7575757575757576,43,0.40294706060606067,0.411206328279499,0.411206328279499,0.588793671720501,0.0,-0.02306487897165458,0.13625228,0.8322670200000001,100.89334318000002,8.67829358
no_time,18,0.625,0.375,0.0,64,7619,50,0.78125,38,0.41969646875,0.412390077437984,0.412390077437984,0.587609922562016,0.0,-0.02756233797086232,0.14164436,0.8785080200000002,99.41183217999998,9.271545139999999
no_time,19,0.625,0.375,0.0,63,7619,43,0.6825396825396826,41,0.3612184444444444,0.3730148313426959,0.3730148313426959,0.6269851686573041,0.0,-0.050494648247801546,0.14392927906976744,0.8693517674418608,101.958084372093,8.917193325581396
no_time,20,0.625,0.375,0.0,63,7560,50,0.7936507936507936,44,0.45757988888888895,0.46375661375661376,0.46375661375661376,0.5362433862433862,0.0,0.0034942347883597917,0.18282202000000003,0.89016362,105.29367932,9.00109236
no_time,21,0.625,0.375,0.0,68,7618,52,0.7647058823529411,48,0.44384274999999995,0.48109740089262276,0.48109740089262276,0.5189025991073772,0.0,0.011082751903386718,0.16552726923076924,0.8637454999999998,102.25515240384615,8.844349365384614
no_time,22,0.625,0.375,0.0,66,7600,58,0.8787878787878788,48,0.3640233484848485,0.36486842105263156,0.36486842105263156,0.6351315789473684,0.0,-0.028022469210526316,0.12810429310344829,0.8681236551724137,100.90978062068965,9.029863672413793
no_time,23,0.625,0.375,0.0,64,7645,51,0.796875,43,0.42092390625000004,0.4251144538914323,0.4251144538914323,0.5748855461085677,0.0,-0.02502823230869849,0.14896603921568627,0.8797049019607842,102.1229814901961,9.272171078431374
no_time,24,0.625,0.375,0.0,64,7575,48,0.75,41,0.333562765625,0.3683168316831683,0.3683168316831683,0.6316831683168317,0.0,-0.042460544818481855,0.12925125,0.8547146458333333,102.65877229166666,8.744685583333334
no_time,25,0.625,0.375,0.0,64,7590,48,0.75,42,0.42181626562499996,0.40197628458498025,0.40197628458498025,0.5980237154150198,0.0,-0.029818889723320155,0.16488120833333333,0.8746301041666668,101.00054175000001,8.991504229166667
no_time,26,0.625,0.375,0.0,66,7530,51,0.7727272727272727,44,0.3866811363636364,0.38260292164674636,0.38260292164674636,0.6173970783532536,0.0,-0.03238690677290836,0.15009158823529412,0.8679800588235295,101.50406101960785,8.912778235294116
no_time,27,0.625,0.375,0.0,65,7559,56,0.8615384615384616,50,0.40026439999999996,0.3802090223574547,0.3802090223574547,0.6197909776425453,0.0,-0.032842788860960447,0.12896812500000002,0.8637013035714286,101.77745141071429,8.699242571428572
no_time,28,0.625,0.375,0.0,65,7634,55,0.8461538461538461,47,0.5247448307692307,0.478648152999738,0.478648152999738,0.5213518470002619,0.0,0.013538558422845166,0.16747850909090903,0.8933808909090907,104.05045632727273,9.277789145454545
no_time,29,0.625,0.375,0.0,64,7610,49,0.765625,42,0.3804356875,0.4177398160315374,0.4177398160315374,0.5822601839684626,0.0,-0.016511143101182655,0.1560284693877551,0.8691218979591837,102.71091930612243,8.780268653061224
no_time,30,0.625,0.375,0.0,63,7534,47,0.746031746031746,37,0.34738653968253963,0.35664985399522164,0.35664985399522164,0.6433501460047784,0.0,-0.04480397650650385,0.14194395744680852,0.8769890425531912,101.03635199999997,9.015695446808511
